PlotObservationID	GIVD_ID	Dataset	Continent	Country	Biome	Date_of_recording	Latitude	Longitude	Location_uncertainty	Releve_area	Plant_recorded	Elevation	Aspect	Slope	is_forest	ESY	Naturalness	Forest	Shrubland	Grassland	Wetland	Sparse_vegetation	Cover_total	Cover_tree_layer	Cover_shrub_layer	Cover_herb_layer	Cover_moss_layer	Cover_lichen_layer	Cover_algae_layer	Cover_litter_layer	Cover_bare_rocks	Cover_cryptogams	Cover_bare_soil	Height_trees_highest	Height_trees_lowest	Height_shrubs_highest	Height_shrubs_lowest	Height_herbs_average	Height_herbs_lowest	Height_herbs_highest	SoilClim_PC1	SoilClim_PC2	Resample_1	Resample_2	Resample_3	Resample_1_consensus
225924	EU-00-019	Balkan Vegetation Database	Europe	Serbia	Temperate midlatitudes	1951-07-01	43.18028	22.17611	2	30	Not specified	1710	360	NA	TRUE	?	Natural	TRUE	FALSE	FALSE	FALSE	FALSE	NA	NA	NA	NA	NA	NA	NA	NA	NA	NA	NA	NA	NA	NA	NA	NA	NA	NA	-1.249	1.285	FALSE	TRUE	FALSE	FALSE
225933	EU-00-019	Balkan Vegetation Database	Europe	Serbia	Temperate midlatitudes	1951-07-01	43.18028	22.17611	2	40	Not specified	1690	315	20	TRUE	?	Natural	TRUE	FALSE	FALSE	FALSE	FALSE	NA	NA	NA	NA	NA	NA	NA	NA	NA	NA	NA	NA	NA	NA	NA	NA	NA	NA	-1.249	1.285	FALSE	TRUE	FALSE	TRUE
225943	EU-00-019	Balkan Vegetation Database	Europe	Serbia	Temperate midlatitudes	1951-07-01	43.18028	22.17611	2	4	Not specified	1670	360	85	FALSE	F22ac	Natural	FALSE	TRUE	TRUE	FALSE	FALSE	NA	NA	NA	NA	NA	NA	NA	NA	NA	NA	NA	NA	NA	NA	NA	NA	NA	NA	-1.249	1.285	FALSE	FALSE	TRUE	FALSE
225945	EU-00-019	Balkan Vegetation Database	Europe	Serbia	Temperate midlatitudes	1951-01-01	43.18028	22.17611	2	30	Not specified	1550	180	50	FALSE	E44a	Natural	FALSE	FALSE	TRUE	FALSE	FALSE	NA	NA	NA	NA	NA	NA	NA	NA	NA	NA	NA	NA	NA	NA	NA	NA	NA	NA	-1.249	1.285	FALSE	FALSE	TRUE	FALSE
225959	EU-00-019	Balkan Vegetation Database	Europe	Serbia	Temperate midlatitudes	1952-06-01	43.77611	21.89333	2	100	Not specified	1350	360	40	TRUE	?	Natural	TRUE	FALSE	FALSE	FALSE	FALSE	NA	NA	NA	NA	NA	NA	NA	NA	NA	NA	NA	NA	NA	NA	NA	NA	NA	NA	-1.35	1.834	FALSE	TRUE	FALSE	TRUE
225973	EU-00-019	Balkan Vegetation Database	Europe	Serbia	Temperate midlatitudes	1952-06-01	43.77611	21.89333	2	4	Not specified	1350	360	20	TRUE	?	Natural	TRUE	FALSE	FALSE	FALSE	FALSE	NA	NA	NA	NA	NA	NA	NA	NA	NA	NA	NA	NA	NA	NA	NA	NA	NA	NA	-1.35	1.834	FALSE	TRUE	FALSE	FALSE
226003	EU-00-019	Balkan Vegetation Database	Europe	Serbia	Temperate midlatitudes	1980-01-01	43.26944	20.82472	10	100	Not specified	1710	270	75	TRUE	?	Natural	TRUE	FALSE	FALSE	FALSE	FALSE	NA	NA	NA	NA	NA	NA	NA	NA	NA	NA	NA	NA	NA	NA	NA	NA	NA	NA	-1.6	2.647	FALSE	TRUE	FALSE	FALSE
226004	EU-00-019	Balkan Vegetation Database	Europe	Serbia	Temperate midlatitudes	1980-01-01	43.26944	20.82472	10	100	Not specified	1710	270	80	TRUE	?	Natural	TRUE	FALSE	FALSE	FALSE	FALSE	NA	NA	NA	NA	NA	NA	NA	NA	NA	NA	NA	NA	NA	NA	NA	NA	NA	NA	-1.6	2.647	FALSE	TRUE	FALSE	FALSE
226005	EU-00-019	Balkan Vegetation Database	Europe	Serbia	Temperate midlatitudes	1980-01-01	43.26944	20.82472	10	16	Not specified	1700	180	45	FALSE	E12a	Semi-natural	FALSE	FALSE	TRUE	FALSE	FALSE	NA	NA	NA	NA	NA	NA	NA	NA	NA	NA	NA	NA	NA	NA	NA	NA	NA	NA	-1.6	2.647	FALSE	FALSE	TRUE	FALSE
226034	EU-00-019	Balkan Vegetation Database	Europe	Serbia	Temperate midlatitudes	1962-01-01	43.29	20.32194	15	400	Not specified	1560	270	20	FALSE	E22	Semi-natural	FALSE	FALSE	TRUE	FALSE	FALSE	NA	NA	NA	NA	NA	NA	NA	NA	NA	NA	NA	NA	NA	NA	NA	NA	NA	NA	-1.143	1.82	TRUE	FALSE	TRUE	TRUE
226054	EU-00-019	Balkan Vegetation Database	Europe	Serbia	Temperate midlatitudes	1972-01-01	42.62683	22.26736	3	50	Not specified	1820	NA	NA	TRUE	?	Natural	TRUE	FALSE	FALSE	FALSE	FALSE	NA	NA	NA	NA	NA	NA	NA	NA	NA	NA	NA	NA	NA	NA	NA	NA	NA	NA	-1.616	1.649	FALSE	TRUE	FALSE	FALSE
226085	EU-00-019	Balkan Vegetation Database	Europe	Serbia	Temperate midlatitudes	2002-01-01	42.62667	22.26722	5	10	Not specified	1700	NA	NA	FALSE	C21a	Natural	FALSE	FALSE	FALSE	TRUE	FALSE	100	NA	NA	NA	NA	NA	NA	NA	NA	NA	NA	NA	NA	NA	NA	NA	NA	NA	-1.616	1.649	FALSE	TRUE	TRUE	FALSE
226119	EU-00-019	Balkan Vegetation Database	Europe	Serbia	Temperate midlatitudes	2002-01-01	42.7319	22.3217	5	50	Not specified	1250	NA	NA	TRUE	?	Natural	TRUE	FALSE	FALSE	FALSE	FALSE	100	NA	NA	NA	NA	NA	NA	NA	NA	NA	NA	NA	NA	NA	NA	NA	NA	NA	-1.527	1.359	TRUE	FALSE	FALSE	TRUE
226192	EU-00-019	Balkan Vegetation Database	Europe	Serbia	Temperate midlatitudes	2002-01-01	42.73486	22.39473	5	25	Not specified	1300	225	NA	FALSE	E34a	Semi-natural	FALSE	FALSE	TRUE	TRUE	FALSE	100	NA	NA	NA	NA	NA	NA	NA	NA	NA	NA	NA	NA	NA	NA	NA	NA	NA	-1.28	0.631	FALSE	FALSE	TRUE	FALSE
226223	EU-00-019	Balkan Vegetation Database	Europe	Serbia	Temperate midlatitudes	2002-01-01	42.73486	22.39473	5	50	Not specified	1250	225	5	FALSE	D22c	Natural	FALSE	FALSE	TRUE	TRUE	FALSE	100	NA	NA	NA	NA	NA	NA	NA	NA	NA	NA	NA	NA	NA	NA	NA	NA	NA	-1.28	0.631	FALSE	TRUE	FALSE	FALSE
226240	EU-00-019	Balkan Vegetation Database	Europe	Serbia	Temperate midlatitudes	2002-01-01	42.6506	22.3165	5	25	Not specified	1210	NA	NA	FALSE	D32	Natural	FALSE	TRUE	TRUE	TRUE	FALSE	100	NA	NA	NA	NA	NA	NA	NA	NA	NA	NA	NA	NA	NA	NA	NA	NA	NA	-1.4	0.972	FALSE	TRUE	FALSE	FALSE
226246	EU-00-019	Balkan Vegetation Database	Europe	Serbia	Temperate midlatitudes	2002-01-01	42.6506	22.3165	5	50	Not specified	1210	NA	NA	TRUE	?	Natural	TRUE	FALSE	FALSE	FALSE	FALSE	100	NA	NA	NA	NA	NA	NA	NA	NA	NA	NA	NA	NA	NA	NA	NA	NA	NA	-1.4	0.972	FALSE	FALSE	TRUE	FALSE
226475	EU-00-019	Balkan Vegetation Database	Europe	Serbia	Temperate midlatitudes	2005-01-01	42.27608	21.72964	2	50	Not specified	320	NA	NA	FALSE	E34b	Semi-natural	FALSE	FALSE	TRUE	TRUE	FALSE	100	NA	NA	NA	NA	NA	NA	NA	NA	NA	NA	NA	NA	NA	NA	NA	NA	NA	-0.3	0.153	FALSE	TRUE	FALSE	FALSE
226846	EU-00-019	Balkan Vegetation Database	Europe	Serbia	Temperate midlatitudes	1992-01-01	43.545	20.03444	15	40	Not specified	1250	180	40	TRUE	?	Natural	TRUE	FALSE	FALSE	FALSE	FALSE	40	NA	NA	40	NA	NA	NA	NA	NA	NA	NA	NA	NA	NA	NA	NA	NA	NA	-1.012	2.463	FALSE	TRUE	FALSE	FALSE
226856	EU-00-019	Balkan Vegetation Database	Europe	Serbia	Temperate midlatitudes	1992-01-01	43.545	20.03444	15	25	Not specified	1450	45	70	FALSE	Y-Gra	Semi-natural	FALSE	FALSE	TRUE	FALSE	FALSE	100	NA	NA	100	NA	NA	NA	NA	NA	NA	NA	NA	NA	NA	NA	NA	NA	NA	-1.012	2.463	FALSE	FALSE	TRUE	FALSE
226863	EU-00-019	Balkan Vegetation Database	Europe	Serbia	Temperate midlatitudes	2008-01-01	43.45694	21.06611	5	4	Not specified	1900	270	80	FALSE	E11g	Semi-natural	FALSE	FALSE	TRUE	FALSE	TRUE	NA	NA	NA	NA	NA	NA	NA	NA	20	NA	NA	NA	NA	NA	NA	NA	NA	NA	-0.41	0.371	TRUE	FALSE	FALSE	TRUE
226936	EU-00-019	Balkan Vegetation Database	Europe	Serbia	Temperate midlatitudes	1958-01-01	44.17749	22.13761	5	20	Not specified	1100	360	85	FALSE	H32f	Natural	FALSE	FALSE	TRUE	FALSE	TRUE	NA	NA	NA	NA	NA	NA	NA	NA	NA	NA	NA	NA	NA	NA	NA	NA	NA	NA	-0.846	1.21	TRUE	FALSE	FALSE	TRUE
226965	EU-00-019	Balkan Vegetation Database	Europe	Serbia	Temperate midlatitudes	1972-05-19	44.9018	21.23662	5	40	Not specified	140	45	2	TRUE	G34a	Natural	TRUE	FALSE	FALSE	FALSE	FALSE	NA	50	NA	NA	NA	NA	NA	NA	NA	NA	NA	NA	NA	NA	NA	NA	NA	NA	-0.043	-0.121	FALSE	FALSE	TRUE	FALSE
226981	EU-00-019	Balkan Vegetation Database	Europe	Serbia	Temperate midlatitudes	1980-01-01	43.31676	20.83419	5	49	Not specified	1700	180	45	TRUE	?	Natural	TRUE	FALSE	FALSE	FALSE	FALSE	NA	NA	NA	NA	NA	NA	NA	NA	NA	NA	NA	NA	NA	NA	NA	NA	NA	NA	-1.729	1.893	FALSE	TRUE	FALSE	FALSE
227071	EU-00-019	Balkan Vegetation Database	Europe	Serbia	Temperate midlatitudes	1981-01-01	43.98359	20.33335	15	400	Not specified	950	NA	NA	TRUE	?	Natural	TRUE	FALSE	FALSE	FALSE	FALSE	NA	NA	NA	NA	NA	NA	NA	NA	NA	NA	NA	NA	NA	NA	NA	NA	NA	NA	-0.22	0.858	TRUE	FALSE	FALSE	TRUE
227097	EU-00-019	Balkan Vegetation Database	Europe	Serbia	Temperate midlatitudes	1984-01-01	43.84879	19.45979	15	10	Not specified	240	135	90	FALSE	E11j	Semi-natural	FALSE	FALSE	TRUE	FALSE	FALSE	NA	NA	NA	NA	NA	NA	NA	NA	NA	NA	NA	NA	NA	NA	NA	NA	NA	NA	-1.469	2.983	FALSE	FALSE	TRUE	TRUE
227098	EU-00-019	Balkan Vegetation Database	Europe	Serbia	Temperate midlatitudes	1984-01-01	43.84879	19.45979	15	8	Not specified	240	180	85	FALSE	E11j	Semi-natural	FALSE	FALSE	TRUE	FALSE	FALSE	NA	NA	NA	NA	NA	NA	NA	NA	NA	NA	NA	NA	NA	NA	NA	NA	NA	NA	-1.469	2.983	TRUE	FALSE	FALSE	TRUE
227103	EU-00-019	Balkan Vegetation Database	Europe	Serbia	Temperate midlatitudes	1984-01-01	43.84879	19.45979	15	20	Not specified	300	135	60	FALSE	H26a	Natural	FALSE	FALSE	TRUE	FALSE	TRUE	NA	NA	NA	NA	1	NA	NA	NA	NA	NA	NA	NA	NA	NA	NA	NA	NA	NA	-1.469	2.983	TRUE	FALSE	FALSE	TRUE
227115	EU-00-019	Balkan Vegetation Database	Europe	Serbia	Temperate midlatitudes	1985-01-01	43.28994	22.05438	15	25	Not specified	450	360	75	FALSE	E11g	Semi-natural	FALSE	FALSE	TRUE	FALSE	TRUE	50	NA	NA	NA	NA	NA	NA	NA	NA	NA	NA	NA	NA	NA	NA	NA	NA	NA	-0.413	0.516	TRUE	FALSE	FALSE	TRUE
227142	EU-00-019	Balkan Vegetation Database	Europe	Serbia	Temperate midlatitudes	1991-01-01	43.54527	20.03448	15	20	Not specified	1450	315	85	FALSE	H32b	Natural	FALSE	FALSE	TRUE	FALSE	TRUE	45	NA	NA	NA	15	NA	NA	NA	NA	NA	NA	NA	NA	NA	NA	NA	NA	NA	-1.012	2.463	TRUE	FALSE	FALSE	TRUE
227212	EU-00-019	Balkan Vegetation Database	Europe	Serbia	Temperate midlatitudes	1951-07-01	43.14615	22.22387	15	4	Not specified	1600	45	75	FALSE	H32d	Natural	FALSE	FALSE	TRUE	FALSE	TRUE	NA	NA	NA	NA	NA	NA	NA	NA	NA	NA	NA	NA	NA	NA	NA	NA	NA	NA	-1.608	1.804	FALSE	FALSE	TRUE	FALSE
227218	EU-00-019	Balkan Vegetation Database	Europe	Serbia	Temperate midlatitudes	1952-07-01	43.14615	22.22387	15	10	Not specified	1790	45	85	TRUE	?	Natural	TRUE	FALSE	FALSE	FALSE	FALSE	NA	NA	NA	NA	NA	NA	NA	NA	NA	NA	NA	NA	NA	NA	NA	NA	NA	NA	-1.608	1.804	FALSE	TRUE	FALSE	TRUE
227252	EU-00-019	Balkan Vegetation Database	Europe	Serbia	Temperate midlatitudes	1956-01-01	45.9068	19.99765	20	NA	Not specified	NA	NA	NA	FALSE	E63	Semi-natural	FALSE	FALSE	TRUE	TRUE	FALSE	NA	NA	NA	NA	NA	NA	NA	NA	NA	NA	NA	NA	NA	NA	NA	NA	NA	NA	-0.254	-0.391	FALSE	TRUE	FALSE	TRUE
227266	EU-00-019	Balkan Vegetation Database	Europe	Serbia	Temperate midlatitudes	1957-01-01	45.9068	19.99765	20	NA	Not specified	NA	NA	NA	FALSE	E34b	Semi-natural	FALSE	FALSE	TRUE	TRUE	FALSE	NA	NA	NA	NA	NA	NA	NA	NA	NA	NA	NA	NA	NA	NA	NA	NA	NA	NA	-0.254	-0.391	FALSE	FALSE	TRUE	FALSE
465750	EU-00-022	European Mire VDB	Europe	Serbia	Temperate midlatitudes	NA	43.291944	22.825833	10	100	Not specified	1465	NA	NA	FALSE	D22b	Natural	FALSE	FALSE	TRUE	TRUE	FALSE	NA	NA	NA	NA	NA	NA	NA	NA	NA	NA	NA	NA	NA	NA	NA	NA	NA	NA	-2.085	2.293	TRUE	FALSE	TRUE	TRUE
465753	EU-00-022	European Mire VDB	Europe	Serbia	Temperate midlatitudes	NA	43.291944	22.825833	10	100	Not specified	1470	NA	NA	FALSE	?	Semi-natural	FALSE	TRUE	FALSE	FALSE	FALSE	NA	NA	NA	NA	NA	NA	NA	NA	NA	NA	NA	NA	NA	NA	NA	NA	NA	NA	-2.085	2.293	TRUE	FALSE	FALSE	TRUE
465755	EU-00-022	European Mire VDB	Europe	Serbia	Temperate midlatitudes	NA	43.291944	22.825833	10	100	Not specified	1520	NA	NA	FALSE	F23a	Natural	FALSE	TRUE	FALSE	FALSE	FALSE	NA	NA	NA	NA	NA	NA	NA	NA	NA	NA	NA	NA	NA	NA	NA	NA	NA	NA	-2.085	2.293	FALSE	TRUE	FALSE	FALSE
1003658	EU-RS-002	Serbia_grasslands	Europe	Serbia	Temperate midlatitudes	1976-07-01	43.168611	21.636389	10	100	Not specified	800	360	20	FALSE	E12a	Semi-natural	FALSE	FALSE	TRUE	FALSE	FALSE	NA	NA	NA	NA	NA	NA	NA	NA	NA	NA	NA	NA	NA	NA	NA	NA	NA	NA	-0.429	0.673	FALSE	FALSE	TRUE	FALSE
1003719	EU-RS-002	Serbia_grasslands	Europe	Serbia	Temperate midlatitudes	1951-01-01	43.694106	19.728952	10	25	Not specified	1020	225	10	FALSE	E12a	Semi-natural	FALSE	FALSE	TRUE	FALSE	FALSE	100	NA	NA	NA	NA	NA	NA	NA	NA	NA	NA	NA	NA	NA	NA	NA	NA	NA	-1.007	2.496	TRUE	FALSE	FALSE	TRUE
1003741	EU-RS-002	Serbia_grasslands	Europe	Serbia	Temperate midlatitudes	1985-01-01	42.983284	20.260415	10	100	Not specified	900	180	15	FALSE	Y-Gra	Semi-natural	FALSE	FALSE	TRUE	FALSE	FALSE	NA	NA	NA	NA	NA	NA	NA	NA	NA	NA	NA	NA	NA	NA	NA	NA	NA	NA	-0.773	1.375	FALSE	FALSE	TRUE	FALSE
1003756	EU-RS-002	Serbia_grasslands	Europe	Serbia	Temperate midlatitudes	1978-01-01	43.357051	22.589339	10	100	Not specified	1540	180	5	FALSE	E22	Semi-natural	FALSE	FALSE	TRUE	FALSE	FALSE	NA	NA	NA	NA	NA	NA	NA	NA	NA	NA	NA	NA	NA	NA	NA	NA	NA	NA	-1.569	1.691	TRUE	FALSE	FALSE	TRUE
1003764	EU-RS-002	Serbia_grasslands	Europe	Serbia	Temperate midlatitudes	1978-01-01	43.29014	22.751095	10	100	Not specified	1440	180	10	FALSE	E12a	Semi-natural	FALSE	FALSE	TRUE	FALSE	FALSE	NA	NA	NA	NA	NA	NA	NA	NA	NA	NA	NA	NA	NA	NA	NA	NA	NA	NA	-1.32	0.806	FALSE	FALSE	TRUE	FALSE
1003839	EU-RS-002	Serbia_grasslands	Europe	Serbia	Temperate midlatitudes	1992-01-01	43.95516	19.298083	10	NA	Not specified	1090	203	10	FALSE	E21	Semi-natural	FALSE	FALSE	TRUE	FALSE	FALSE	90	NA	NA	NA	NA	NA	NA	NA	NA	NA	NA	NA	NA	NA	NA	NA	NA	NA	-1.127	2.833	FALSE	FALSE	TRUE	FALSE
1003848	EU-RS-002	Serbia_grasslands	Europe	Serbia	Temperate midlatitudes	1992-01-01	43.890361	19.436804	10	NA	Not specified	1290	180	5	FALSE	E12a	Semi-natural	FALSE	FALSE	TRUE	FALSE	FALSE	90	NA	NA	NA	NA	NA	NA	NA	NA	NA	NA	NA	NA	NA	NA	NA	NA	NA	-1.156	3.125	FALSE	TRUE	FALSE	FALSE
1003882	EU-RS-002	Serbia_grasslands	Europe	Serbia	Temperate midlatitudes	1956-06-01	44.122166	20.565101	10	36	Not specified	835	360	30	FALSE	E22	Semi-natural	FALSE	FALSE	TRUE	FALSE	FALSE	80	NA	NA	NA	NA	NA	NA	NA	NA	NA	NA	NA	NA	NA	NA	NA	NA	NA	-0.895	1.64	FALSE	FALSE	TRUE	FALSE
1003911	EU-RS-002	Serbia_grasslands	Europe	Serbia	Temperate midlatitudes	1991-01-01	45.10653	21.386566	10	10	Not specified	200	135	NA	FALSE	E12a	Semi-natural	FALSE	FALSE	TRUE	FALSE	FALSE	50	NA	NA	NA	NA	NA	NA	NA	NA	NA	NA	NA	NA	NA	NA	NA	NA	NA	-0.312	0.441	FALSE	FALSE	TRUE	FALSE
1003945	EU-RS-002	Serbia_grasslands	Europe	Serbia	Temperate midlatitudes	1978-01-01	43.338158	22.787675	10	50	Not specified	1700	180	45	FALSE	E12a	Semi-natural	FALSE	FALSE	TRUE	FALSE	FALSE	NA	NA	NA	NA	NA	NA	NA	NA	NA	NA	NA	NA	NA	NA	NA	NA	NA	NA	-1.803	1.722	FALSE	TRUE	FALSE	FALSE
1003971	EU-RS-002	Serbia_grasslands	Europe	Serbia	Temperate midlatitudes	1993-01-01	46.174103	19.70899	10	NA	Not specified	116	NA	NA	FALSE	?	Natural	FALSE	FALSE	TRUE	TRUE	FALSE	NA	NA	NA	NA	NA	NA	NA	NA	NA	NA	NA	NA	NA	NA	NA	NA	NA	NA	0.039	-1.078	TRUE	FALSE	FALSE	TRUE
1003978	EU-RS-002	Serbia_grasslands	Europe	Serbia	Temperate midlatitudes	1993-01-01	46.164307	19.734148	10	NA	Not specified	116	NA	NA	FALSE	Y-Gra	Semi-natural	FALSE	FALSE	TRUE	FALSE	FALSE	NA	NA	NA	NA	NA	NA	NA	NA	NA	NA	NA	NA	NA	NA	NA	NA	NA	NA	0.058	-0.901	FALSE	FALSE	TRUE	FALSE
1003993	EU-RS-002	Serbia_grasslands	Europe	Serbia	Temperate midlatitudes	1988-01-01	46.128714	19.868614	10	25	Not specified	90	NA	NA	FALSE	Y-Gra	Semi-natural	FALSE	FALSE	TRUE	FALSE	FALSE	100	NA	NA	NA	NA	NA	NA	NA	NA	NA	NA	NA	NA	NA	NA	NA	NA	NA	0.063	-1.049	FALSE	TRUE	FALSE	FALSE
1004003	EU-RS-002	Serbia_grasslands	Europe	Serbia	Temperate midlatitudes	1949-09-23	44.866196	21.182625	10	25	Not specified	NA	NA	NA	FALSE	H21	Natural	FALSE	FALSE	TRUE	FALSE	TRUE	85	NA	NA	NA	NA	NA	NA	NA	NA	NA	NA	NA	NA	NA	NA	NA	NA	NA	0.093	-0.031	FALSE	TRUE	FALSE	FALSE
1004011	EU-RS-002	Serbia_grasslands	Europe	Serbia	Temperate midlatitudes	1948-06-25	44.791516	21.203843	10	25	Not specified	NA	NA	NA	FALSE	E12a	Semi-natural	FALSE	FALSE	TRUE	FALSE	FALSE	90	NA	NA	NA	NA	NA	NA	NA	NA	NA	NA	NA	NA	NA	NA	NA	NA	NA	-0.174	0.208	FALSE	FALSE	TRUE	FALSE
1004012	EU-RS-002	Serbia_grasslands	Europe	Serbia	Temperate midlatitudes	1949-11-25	44.84963	21.232528	10	25	Not specified	NA	NA	NA	FALSE	E12a	Semi-natural	FALSE	FALSE	TRUE	FALSE	FALSE	80	NA	NA	NA	NA	NA	NA	NA	NA	NA	NA	NA	NA	NA	NA	NA	NA	NA	0.114	-0.199	FALSE	TRUE	FALSE	FALSE
1004050	EU-RS-002	Serbia_grasslands	Europe	Serbia	Temperate midlatitudes	1967-01-01	44.05325	20.93295	10	100	Not specified	170	NA	NA	FALSE	E33	Semi-natural	FALSE	FALSE	TRUE	TRUE	FALSE	100	NA	NA	NA	NA	NA	NA	NA	NA	NA	NA	NA	NA	NA	NA	NA	NA	NA	-0.207	0.375	TRUE	FALSE	FALSE	TRUE
1004064	EU-RS-002	Serbia_grasslands	Europe	Serbia	Temperate midlatitudes	1993-01-01	46.176898	19.688924	10	NA	Not specified	NA	NA	NA	FALSE	E34a	Semi-natural	FALSE	FALSE	TRUE	TRUE	FALSE	NA	NA	NA	NA	NA	NA	NA	NA	NA	NA	NA	NA	NA	NA	NA	NA	NA	NA	0.129	-1.231	FALSE	FALSE	TRUE	FALSE
1004066	EU-RS-002	Serbia_grasslands	Europe	Serbia	Temperate midlatitudes	1993-01-01	46.176898	19.688924	10	NA	Not specified	NA	NA	NA	FALSE	E34a	Semi-natural	FALSE	FALSE	TRUE	TRUE	FALSE	NA	NA	NA	NA	NA	NA	NA	NA	NA	NA	NA	NA	NA	NA	NA	NA	NA	NA	0.129	-1.231	TRUE	TRUE	FALSE	TRUE
1004069	EU-RS-002	Serbia_grasslands	Europe	Serbia	Temperate midlatitudes	1993-01-01	46.174103	19.70899	10	NA	Not specified	NA	NA	NA	FALSE	E34a	Semi-natural	FALSE	FALSE	TRUE	TRUE	FALSE	NA	NA	NA	NA	NA	NA	NA	NA	NA	NA	NA	NA	NA	NA	NA	NA	NA	NA	0.039	-1.078	FALSE	FALSE	TRUE	FALSE
1004071	EU-RS-002	Serbia_grasslands	Europe	Serbia	Temperate midlatitudes	1993-01-01	46.174103	19.70899	10	NA	Not specified	NA	NA	NA	FALSE	E34a	Semi-natural	FALSE	FALSE	TRUE	TRUE	FALSE	NA	NA	NA	NA	NA	NA	NA	NA	NA	NA	NA	NA	NA	NA	NA	NA	NA	NA	0.039	-1.078	FALSE	TRUE	FALSE	FALSE
1004072	EU-RS-002	Serbia_grasslands	Europe	Serbia	Temperate midlatitudes	1993-01-01	46.174103	19.70899	10	NA	Not specified	NA	NA	NA	FALSE	Y-Gra	Semi-natural	FALSE	FALSE	TRUE	FALSE	FALSE	NA	NA	NA	NA	NA	NA	NA	NA	NA	NA	NA	NA	NA	NA	NA	NA	NA	NA	0.039	-1.078	TRUE	FALSE	FALSE	TRUE
1004097	EU-RS-002	Serbia_grasslands	Europe	Serbia	Temperate midlatitudes	1994-01-01	42.609593	22.399889	10	NA	Not specified	NA	225	5	FALSE	E34a	Semi-natural	FALSE	FALSE	TRUE	TRUE	FALSE	NA	NA	NA	NA	NA	NA	NA	NA	NA	NA	NA	NA	NA	NA	NA	NA	NA	NA	-1.325	0.671	FALSE	FALSE	TRUE	TRUE
1004116	EU-RS-002	Serbia_grasslands	Europe	Serbia	Temperate midlatitudes	2002-01-01	42.726447	22.328734	10	100	Not specified	1250	90	10	FALSE	E34a	Semi-natural	FALSE	FALSE	TRUE	TRUE	FALSE	100	NA	NA	NA	NA	NA	NA	NA	NA	NA	NA	NA	NA	NA	NA	NA	NA	NA	-1.527	1.359	FALSE	FALSE	TRUE	FALSE
1004190	EU-RS-002	Serbia_grasslands	Europe	Serbia	Temperate midlatitudes	1985-01-01	45.149623	20.473846	10	25	Not specified	NA	NA	NA	FALSE	Y-Gra	Semi-natural	FALSE	FALSE	TRUE	FALSE	FALSE	100	NA	NA	NA	NA	NA	NA	NA	NA	NA	NA	NA	NA	NA	NA	NA	NA	NA	-0.071	-0.085	TRUE	FALSE	FALSE	TRUE
1004194	EU-RS-002	Serbia_grasslands	Europe	Serbia	Temperate midlatitudes	1985-01-01	45.294717	20.65088	10	25	Not specified	NA	NA	NA	FALSE	Y-Gra	Semi-natural	FALSE	FALSE	TRUE	FALSE	FALSE	100	NA	NA	NA	NA	NA	NA	NA	NA	NA	NA	NA	NA	NA	NA	NA	NA	NA	-0.202	-0.149	FALSE	TRUE	FALSE	FALSE
1004210	EU-RS-002	Serbia_grasslands	Europe	Serbia	Temperate midlatitudes	1977-01-01	42.987157	22.071587	10	NA	Not specified	250	NA	NA	FALSE	E33	Semi-natural	FALSE	FALSE	TRUE	TRUE	FALSE	100	NA	NA	NA	NA	NA	NA	NA	NA	NA	NA	NA	NA	NA	NA	NA	NA	NA	0.071	-0.313	FALSE	FALSE	TRUE	FALSE
1004214	EU-RS-002	Serbia_grasslands	Europe	Serbia	Temperate midlatitudes	1977-01-01	42.983263	22.055829	10	NA	Not specified	250	NA	NA	FALSE	E33	Semi-natural	FALSE	FALSE	TRUE	TRUE	FALSE	100	NA	NA	NA	NA	NA	NA	NA	NA	NA	NA	NA	NA	NA	NA	NA	NA	NA	0.071	-0.313	FALSE	FALSE	TRUE	FALSE
1004296	EU-RS-002	Serbia_grasslands	Europe	Serbia	Temperate midlatitudes	1958-06-01	44.706812	21.029277	10	100	Not specified	NA	NA	NA	FALSE	E33	Semi-natural	FALSE	FALSE	TRUE	TRUE	FALSE	100	NA	NA	NA	NA	NA	NA	NA	NA	NA	NA	NA	NA	NA	NA	NA	NA	NA	-0.045	0.171	FALSE	FALSE	TRUE	FALSE
1004299	EU-RS-002	Serbia_grasslands	Europe	Serbia	Temperate midlatitudes	1957-06-01	44.006345	21.230312	10	100	Not specified	NA	NA	NA	FALSE	E33	Semi-natural	FALSE	FALSE	TRUE	TRUE	FALSE	95	NA	NA	NA	NA	NA	NA	NA	NA	NA	NA	NA	NA	NA	NA	NA	NA	NA	-0.11	0.053	FALSE	FALSE	TRUE	FALSE
1004305	EU-RS-002	Serbia_grasslands	Europe	Serbia	Temperate midlatitudes	1959-06-01	44.52592	20.635785	10	100	Not specified	NA	NA	NA	FALSE	E33	Semi-natural	FALSE	FALSE	TRUE	TRUE	FALSE	100	NA	NA	NA	NA	NA	NA	NA	NA	NA	NA	NA	NA	NA	NA	NA	NA	NA	-0.344	0.491	FALSE	FALSE	TRUE	FALSE
1004314	EU-RS-002	Serbia_grasslands	Europe	Serbia	Temperate midlatitudes	1971-01-01	44.84963	21.232528	10	NA	Not specified	91	NA	NA	FALSE	?	Semi-natural	FALSE	FALSE	TRUE	TRUE	FALSE	NA	NA	NA	NA	NA	NA	NA	NA	NA	NA	NA	NA	NA	NA	NA	NA	NA	NA	0.114	-0.199	FALSE	TRUE	FALSE	FALSE
1004329	EU-RS-002	Serbia_grasslands	Europe	Serbia	Temperate midlatitudes	1959-01-01	44.467986	19.909138	10	100	Not specified	106	NA	NA	FALSE	E33	Semi-natural	FALSE	FALSE	TRUE	TRUE	FALSE	100	NA	NA	NA	NA	NA	NA	NA	NA	NA	NA	NA	NA	NA	NA	NA	NA	NA	-0.09	0.523	FALSE	TRUE	FALSE	FALSE
1004386	EU-RS-002	Serbia_grasslands	Europe	Serbia	Temperate midlatitudes	1957-01-01	44.313717	21.00379	10	100	Not specified	110	NA	NA	TRUE	?	Natural	TRUE	FALSE	FALSE	FALSE	FALSE	NA	NA	NA	NA	NA	NA	NA	NA	NA	NA	NA	NA	NA	NA	NA	NA	NA	NA	-0.161	0.412	TRUE	FALSE	FALSE	TRUE
1004392	EU-RS-002	Serbia_grasslands	Europe	Serbia	Temperate midlatitudes	1957-01-01	44.272206	20.807234	10	100	Not specified	110	NA	NA	FALSE	E33	Semi-natural	FALSE	FALSE	TRUE	TRUE	FALSE	NA	NA	NA	NA	NA	NA	NA	NA	NA	NA	NA	NA	NA	NA	NA	NA	NA	NA	-0.3	0.339	FALSE	FALSE	TRUE	FALSE
1004401	EU-RS-002	Serbia_grasslands	Europe	Serbia	Temperate midlatitudes	1957-01-01	44.373996	20.910073	10	100	Not specified	110	NA	NA	FALSE	Y-Gra	Semi-natural	FALSE	FALSE	TRUE	FALSE	FALSE	NA	NA	NA	NA	NA	NA	NA	NA	NA	NA	NA	NA	NA	NA	NA	NA	NA	NA	-0.18	0.318	TRUE	FALSE	FALSE	TRUE
1004406	EU-RS-002	Serbia_grasslands	Europe	Serbia	Temperate midlatitudes	1957-01-01	44.384893	20.930561	10	100	Not specified	110	NA	NA	FALSE	E34b	Semi-natural	FALSE	FALSE	TRUE	TRUE	FALSE	NA	NA	NA	NA	NA	NA	NA	NA	NA	NA	NA	NA	NA	NA	NA	NA	NA	NA	-0.235	0.361	FALSE	FALSE	TRUE	FALSE
1004430	EU-RS-002	Serbia_grasslands	Europe	Serbia	Temperate midlatitudes	1979-01-01	43.031376	21.963418	10	NA	Not specified	230	360	0	FALSE	E33	Semi-natural	FALSE	FALSE	TRUE	TRUE	FALSE	NA	NA	NA	NA	NA	NA	NA	NA	NA	NA	NA	NA	NA	NA	NA	NA	NA	NA	-0.099	-0.262	FALSE	TRUE	FALSE	FALSE
1004437	EU-RS-002	Serbia_grasslands	Europe	Serbia	Temperate midlatitudes	1956-01-01	44.743463	20.329946	10	25	Not specified	76	NA	NA	FALSE	E33	Semi-natural	FALSE	FALSE	TRUE	TRUE	FALSE	95	NA	NA	NA	NA	NA	NA	NA	NA	NA	NA	NA	NA	NA	NA	NA	NA	NA	-0.078	0.269	FALSE	FALSE	TRUE	FALSE
1004449	EU-RS-002	Serbia_grasslands	Europe	Serbia	Temperate midlatitudes	1956-01-01	44.706206	20.315348	10	25	Not specified	78	NA	NA	FALSE	E33	Semi-natural	FALSE	FALSE	TRUE	TRUE	FALSE	100	NA	NA	NA	NA	NA	NA	NA	NA	NA	NA	NA	NA	NA	NA	NA	NA	NA	-0.065	0.213	TRUE	FALSE	FALSE	TRUE
1004466	EU-RS-002	Serbia_grasslands	Europe	Serbia	Temperate midlatitudes	1988-01-01	45.097537	21.451436	10	25	Not specified	NA	NA	NA	FALSE	?	Semi-natural	FALSE	FALSE	TRUE	FALSE	FALSE	100	NA	NA	NA	NA	NA	NA	NA	NA	NA	NA	NA	NA	NA	NA	NA	NA	NA	-0.384	0.552	FALSE	FALSE	TRUE	FALSE
1004550	EU-RS-002	Serbia_grasslands	Europe	Serbia	Temperate midlatitudes	1993-01-01	45.574533	19.180161	10	25	Not specified	88	NA	NA	FALSE	?	NA	NA	NA	NA	NA	NA	90	NA	NA	NA	NA	NA	NA	NA	NA	NA	NA	NA	NA	NA	NA	NA	NA	NA	-0.153	-0.033	FALSE	TRUE	FALSE	FALSE
1004554	EU-RS-002	Serbia_grasslands	Europe	Serbia	Temperate midlatitudes	1993-01-01	45.560648	19.184845	10	25	Not specified	88	NA	NA	FALSE	?	Natural	TRUE	FALSE	FALSE	TRUE	FALSE	90	NA	NA	NA	NA	NA	NA	NA	NA	NA	NA	NA	NA	NA	NA	NA	NA	NA	-0.153	-0.033	TRUE	FALSE	FALSE	TRUE
1004620	EU-RS-002	Serbia_grasslands	Europe	Serbia	Temperate midlatitudes	1956-01-01	44.680866	20.200686	10	10	Not specified	73	NA	NA	FALSE	Y-Gra	Semi-natural	FALSE	FALSE	TRUE	FALSE	FALSE	100	NA	NA	NA	NA	NA	NA	NA	NA	NA	NA	NA	NA	NA	NA	NA	NA	NA	-0.097	0.447	TRUE	FALSE	FALSE	TRUE
1004647	EU-RS-002	Serbia_grasslands	Europe	Serbia	Temperate midlatitudes	1983-01-01	42.96195	20.278105	10	100	Not specified	990	NA	0	FALSE	Y-Gra	Semi-natural	FALSE	FALSE	TRUE	FALSE	FALSE	NA	NA	NA	NA	NA	NA	NA	NA	NA	NA	NA	NA	NA	NA	NA	NA	NA	NA	-0.773	1.375	FALSE	FALSE	TRUE	FALSE
1004769	EU-RS-002	Serbia_grasslands	Europe	Serbia	Temperate midlatitudes	1992-01-01	45.040726	19.570989	10	25	Not specified	140	NA	NA	FALSE	?	Natural	FALSE	FALSE	TRUE	TRUE	FALSE	100	NA	NA	NA	NA	NA	NA	NA	NA	NA	NA	NA	NA	NA	NA	NA	NA	NA	-0.206	0.289	TRUE	FALSE	FALSE	TRUE
1004795	EU-RS-002	Serbia_grasslands	Europe	Serbia	Temperate midlatitudes	1953-01-01	44.279907	20.233662	10	25	Not specified	150	NA	NA	FALSE	Y-Gra	Semi-natural	FALSE	FALSE	TRUE	FALSE	FALSE	100	NA	NA	NA	NA	NA	NA	NA	NA	NA	NA	NA	NA	NA	NA	NA	NA	NA	-0.071	0.434	TRUE	FALSE	FALSE	TRUE
1004856	EU-RS-002	Serbia_grasslands	Europe	Serbia	Temperate midlatitudes	1983-01-01	45.300147	20.221989	10	25	Not specified	NA	360	NA	FALSE	E22	Semi-natural	FALSE	FALSE	TRUE	FALSE	FALSE	100	NA	NA	NA	NA	NA	NA	NA	NA	NA	NA	NA	NA	NA	NA	NA	NA	NA	-0.239	0.136	FALSE	FALSE	TRUE	FALSE
1004874	EU-RS-002	Serbia_grasslands	Europe	Serbia	Temperate midlatitudes	1991-01-01	45.184062	21.429843	10	50	Not specified	135	90	NA	FALSE	E22	Semi-natural	FALSE	FALSE	TRUE	FALSE	FALSE	100	NA	NA	NA	NA	NA	NA	NA	NA	NA	NA	NA	NA	NA	NA	NA	NA	NA	-0.303	0.412	FALSE	FALSE	TRUE	FALSE
1004913	EU-RS-002	Serbia_grasslands	Europe	Serbia	Temperate midlatitudes	1955-01-01	43.258343	20.852361	10	50	Not specified	1260	180	18	FALSE	E12a	Semi-natural	FALSE	FALSE	TRUE	FALSE	FALSE	NA	NA	NA	NA	NA	NA	NA	NA	NA	NA	NA	NA	NA	NA	NA	NA	NA	NA	-1.536	1.74	FALSE	FALSE	TRUE	FALSE
1004987	EU-RS-002	Serbia_grasslands	Europe	Serbia	Temperate midlatitudes	1979-01-01	45.263026	20.272856	10	25	Not specified	NA	315	NA	FALSE	Y-Gra	Semi-natural	FALSE	FALSE	TRUE	FALSE	FALSE	100	NA	NA	NA	NA	NA	NA	NA	NA	NA	NA	NA	NA	NA	NA	NA	NA	NA	-0.18	0.061	FALSE	TRUE	FALSE	FALSE
1005063	EU-RS-002	Serbia_grasslands	Europe	Serbia	Temperate midlatitudes	1954-01-01	44.451473	20.545826	10	25	Not specified	300	203	15	FALSE	E21	Semi-natural	FALSE	FALSE	TRUE	FALSE	FALSE	90	NA	NA	NA	NA	NA	NA	NA	NA	NA	NA	NA	NA	NA	NA	NA	NA	NA	-0.382	0.82	FALSE	TRUE	FALSE	FALSE
1005166	EU-RS-002	Serbia_grasslands	Europe	Serbia	Temperate midlatitudes	1972-01-01	44.666	22.395118	10	200	Not specified	100	360	35	FALSE	E12a	Semi-natural	FALSE	FALSE	TRUE	FALSE	FALSE	NA	NA	NA	NA	NA	NA	NA	NA	NA	NA	NA	NA	NA	NA	NA	NA	NA	NA	-0.499	1.193	FALSE	FALSE	TRUE	FALSE
1005267	EU-RS-002	Serbia_grasslands	Europe	Serbia	Temperate midlatitudes	1975-07-01	43.759706	21.84295	10	100	Not specified	800	225	10	FALSE	Y-Gra	Semi-natural	FALSE	FALSE	TRUE	FALSE	FALSE	NA	NA	NA	NA	NA	NA	NA	NA	NA	NA	NA	NA	NA	NA	NA	NA	NA	NA	-1.26	1.662	FALSE	FALSE	TRUE	FALSE
1005334	EU-RS-002	Serbia_grasslands	Europe	Serbia	Temperate midlatitudes	1974-01-01	44.12185	20.011139	10	NA	Not specified	1050	NA	0	FALSE	E12a	Semi-natural	FALSE	FALSE	TRUE	FALSE	FALSE	100	NA	NA	NA	NA	NA	NA	NA	NA	NA	NA	NA	NA	NA	NA	NA	NA	NA	-0.912	1.888	FALSE	TRUE	FALSE	FALSE
1005398	EU-RS-002	Serbia_grasslands	Europe	Serbia	Temperate midlatitudes	1954-01-01	44.120155	20.507902	10	25	Not specified	630	225	10	FALSE	E12a	Semi-natural	FALSE	FALSE	TRUE	FALSE	FALSE	90	NA	NA	NA	NA	NA	NA	NA	NA	NA	NA	NA	NA	NA	NA	NA	NA	NA	-0.631	1.406	FALSE	TRUE	FALSE	FALSE
1005412	EU-RS-002	Serbia_grasslands	Europe	Serbia	Temperate midlatitudes	1967-01-01	43.99017	20.82735	10	100	Not specified	250	225	10	FALSE	Y-Gra	Semi-natural	FALSE	FALSE	TRUE	FALSE	FALSE	100	NA	NA	NA	NA	NA	NA	NA	NA	NA	NA	NA	NA	NA	NA	NA	NA	NA	-0.319	0.302	FALSE	TRUE	FALSE	FALSE
1005417	EU-RS-002	Serbia_grasslands	Europe	Serbia	Temperate midlatitudes	1967-01-01	44.01542	20.807624	10	100	Not specified	250	225	10	FALSE	E12a	Semi-natural	FALSE	FALSE	TRUE	FALSE	FALSE	100	NA	NA	NA	NA	NA	NA	NA	NA	NA	NA	NA	NA	NA	NA	NA	NA	NA	-0.31	0.34	TRUE	FALSE	FALSE	TRUE
1005458	EU-RS-002	Serbia_grasslands	Europe	Serbia	Temperate midlatitudes	1986-01-01	45.084265	21.392452	10	25	Not specified	155	90	NA	FALSE	E12b!	Natural	FALSE	FALSE	TRUE	FALSE	FALSE	100	NA	NA	NA	NA	NA	NA	NA	NA	NA	NA	NA	NA	NA	NA	NA	NA	NA	-0.312	0.441	FALSE	TRUE	FALSE	TRUE
1005481	EU-RS-002	Serbia_grasslands	Europe	Serbia	Temperate midlatitudes	1988-01-01	45.176825	21.487157	10	50	Not specified	180	180	NA	FALSE	?	Natural	FALSE	FALSE	TRUE	TRUE	FALSE	80	NA	NA	NA	NA	NA	NA	NA	NA	NA	NA	NA	NA	NA	NA	NA	NA	NA	-0.212	0.41	TRUE	FALSE	FALSE	TRUE
1005496	EU-RS-002	Serbia_grasslands	Europe	Serbia	Temperate midlatitudes	1974-06-14	42.869168	22.154418	10	NA	Not specified	700	NA	NA	FALSE	E12a	Semi-natural	FALSE	FALSE	TRUE	FALSE	FALSE	NA	NA	NA	NA	NA	NA	NA	NA	NA	NA	NA	NA	NA	NA	NA	NA	NA	NA	-0.4	0.203	FALSE	FALSE	TRUE	FALSE
1005575	EU-RS-002	Serbia_grasslands	Europe	Serbia	Temperate midlatitudes	1988-01-01	45.142199	21.394387	10	50	Not specified	300	90	NA	FALSE	?	Natural	FALSE	FALSE	TRUE	TRUE	FALSE	80	NA	NA	NA	NA	NA	NA	NA	NA	NA	NA	NA	NA	NA	NA	NA	NA	NA	-0.305	0.605	FALSE	TRUE	FALSE	FALSE
1005610	EU-RS-002	Serbia_grasslands	Europe	Serbia	Temperate midlatitudes	1954-06-20	44.223773	20.372882	10	25	Not specified	295	225	5	FALSE	E12a	Semi-natural	FALSE	FALSE	TRUE	FALSE	FALSE	100	NA	NA	NA	NA	NA	NA	NA	NA	NA	NA	NA	NA	NA	NA	NA	NA	NA	-0.174	0.745	FALSE	FALSE	TRUE	FALSE
1005619	EU-RS-002	Serbia_grasslands	Europe	Serbia	Temperate midlatitudes	1955-06-24	43.741044	20.64059	10	25	Not specified	210	NA	NA	FALSE	E21	Semi-natural	FALSE	FALSE	TRUE	FALSE	FALSE	100	NA	NA	NA	NA	NA	NA	NA	NA	NA	NA	NA	NA	NA	NA	NA	NA	NA	-0.14	0.42	FALSE	TRUE	FALSE	FALSE
1005642	EU-RS-002	Serbia_grasslands	Europe	Serbia	Temperate midlatitudes	1960-01-01	44.825348	20.574581	10	100	Not specified	220	270	25	FALSE	E12b	Natural	FALSE	FALSE	TRUE	FALSE	FALSE	90	NA	NA	NA	NA	NA	NA	NA	NA	NA	NA	NA	NA	NA	NA	NA	NA	NA	-0.236	0.63	FALSE	TRUE	FALSE	FALSE
1005646	EU-RS-002	Serbia_grasslands	Europe	Serbia	Temperate midlatitudes	1960-01-01	44.817919	20.562027	10	100	Not specified	275	90	30	FALSE	E12b	Natural	FALSE	FALSE	TRUE	FALSE	FALSE	90	NA	NA	NA	NA	NA	NA	NA	NA	NA	NA	NA	NA	NA	NA	NA	NA	NA	-0.236	0.63	FALSE	FALSE	TRUE	FALSE
1005659	EU-RS-002	Serbia_grasslands	Europe	Serbia	Temperate midlatitudes	1960-01-01	44.817419	20.553631	10	100	Not specified	200	360	25	FALSE	E12a	Semi-natural	FALSE	FALSE	TRUE	FALSE	FALSE	100	NA	NA	NA	NA	NA	NA	NA	NA	NA	NA	NA	NA	NA	NA	NA	NA	NA	-0.236	0.63	FALSE	TRUE	FALSE	FALSE
1005681	EU-RS-002	Serbia_grasslands	Europe	Serbia	Temperate midlatitudes	1984-01-01	45.51188	20.025618	10	NA	Not specified	80	NA	NA	FALSE	E12a	Semi-natural	FALSE	FALSE	TRUE	FALSE	FALSE	100	NA	NA	NA	NA	NA	NA	NA	NA	NA	NA	NA	NA	NA	NA	NA	NA	NA	-0.286	0	FALSE	FALSE	TRUE	FALSE
1005757	EU-RS-002	Serbia_grasslands	Europe	Serbia	Temperate midlatitudes	1989-01-01	45.108391	19.955343	10	25	Not specified	171	270	NA	FALSE	?	Natural	FALSE	FALSE	TRUE	TRUE	FALSE	100	NA	NA	NA	NA	NA	NA	NA	NA	NA	NA	NA	NA	NA	NA	NA	NA	NA	-0.396	0.218	FALSE	TRUE	FALSE	FALSE
1005775	EU-RS-002	Serbia_grasslands	Europe	Serbia	Temperate midlatitudes	1952-07-01	44.805776	21.359111	10	25	Not specified	NA	180	15	FALSE	E12b	Natural	FALSE	FALSE	TRUE	FALSE	FALSE	95	NA	NA	NA	NA	NA	NA	NA	NA	NA	NA	NA	NA	NA	NA	NA	NA	NA	-0.123	0.495	FALSE	FALSE	TRUE	FALSE
1005777	EU-RS-002	Serbia_grasslands	Europe	Serbia	Temperate midlatitudes	1952-06-01	44.801018	21.370018	10	25	Not specified	NA	360	12	FALSE	Y-Gra	Semi-natural	FALSE	FALSE	TRUE	FALSE	FALSE	95	NA	NA	NA	NA	NA	NA	NA	NA	NA	NA	NA	NA	NA	NA	NA	NA	NA	-0.123	0.495	FALSE	FALSE	TRUE	FALSE
1005818	EU-RS-002	Serbia_grasslands	Europe	Serbia	Temperate midlatitudes	1949-07-01	44.746956	21.54708	10	25	Not specified	NA	315	7	FALSE	Y-Gra	Semi-natural	FALSE	FALSE	TRUE	FALSE	FALSE	90	NA	NA	NA	NA	NA	NA	NA	NA	NA	NA	NA	NA	NA	NA	NA	NA	NA	0.05	-0.015	FALSE	FALSE	TRUE	FALSE
1005819	EU-RS-002	Serbia_grasslands	Europe	Serbia	Temperate midlatitudes	1949-04-01	44.746956	21.54708	10	25	Not specified	NA	203	5	FALSE	E11d	Semi-natural	FALSE	FALSE	TRUE	FALSE	TRUE	85	NA	NA	NA	NA	NA	NA	NA	NA	NA	NA	NA	NA	NA	NA	NA	NA	NA	0.05	-0.015	FALSE	TRUE	FALSE	FALSE
1005823	EU-RS-002	Serbia_grasslands	Europe	Serbia	Temperate midlatitudes	1948-07-01	44.746956	21.54708	10	25	Not specified	NA	180	10	FALSE	Y-Gra	Semi-natural	FALSE	FALSE	TRUE	FALSE	FALSE	80	NA	NA	NA	NA	NA	NA	NA	NA	NA	NA	NA	NA	NA	NA	NA	NA	NA	0.05	-0.015	TRUE	FALSE	FALSE	TRUE
1005859	EU-RS-002	Serbia_grasslands	Europe	Serbia	Temperate midlatitudes	1950-06-24	44.918213	21.108888	10	25	Not specified	150	180	15	FALSE	E12a	Semi-natural	FALSE	FALSE	TRUE	FALSE	FALSE	70	NA	NA	NA	NA	NA	NA	NA	NA	NA	NA	NA	NA	NA	NA	NA	NA	NA	-0.154	0.302	TRUE	FALSE	FALSE	TRUE
1005872	EU-RS-002	Serbia_grasslands	Europe	Serbia	Temperate midlatitudes	1950-06-28	44.993892	21.000834	10	25	Not specified	150	NA	NA	FALSE	E12a	Semi-natural	FALSE	FALSE	TRUE	FALSE	FALSE	95	NA	NA	NA	NA	NA	NA	NA	NA	NA	NA	NA	NA	NA	NA	NA	NA	NA	-0.055	0.016	TRUE	FALSE	FALSE	TRUE
1005873	EU-RS-002	Serbia_grasslands	Europe	Serbia	Temperate midlatitudes	1951-04-26	44.992322	21.041871	10	25	Not specified	150	NA	NA	FALSE	E12b!	Natural	FALSE	FALSE	TRUE	FALSE	FALSE	90	NA	NA	NA	NA	NA	NA	NA	NA	NA	NA	NA	NA	NA	NA	NA	NA	NA	-0.028	0.061	FALSE	FALSE	TRUE	FALSE
1005881	EU-RS-002	Serbia_grasslands	Europe	Serbia	Temperate midlatitudes	1948-05-08	44.932832	21.073001	10	25	Not specified	87	NA	NA	FALSE	E11a!	Semi-natural	FALSE	FALSE	TRUE	FALSE	TRUE	70	NA	NA	NA	NA	NA	NA	NA	NA	NA	NA	NA	NA	NA	NA	NA	NA	NA	-0.017	-0.067	FALSE	TRUE	FALSE	FALSE
1005916	EU-RS-002	Serbia_grasslands	Europe	Serbia	Temperate midlatitudes	1983-01-01	45.212905	20.307826	10	25	Not specified	130	180	NA	FALSE	E12b	Natural	FALSE	FALSE	TRUE	FALSE	FALSE	80	NA	NA	NA	NA	NA	NA	NA	NA	NA	NA	NA	NA	NA	NA	NA	NA	NA	-0.198	0.002	TRUE	FALSE	FALSE	TRUE
1006002	EU-RS-002	Serbia_grasslands	Europe	Serbia	Temperate midlatitudes	1953-05-01	43.784501	21.878637	10	100	Not specified	900	90	15	FALSE	?	Natural	FALSE	FALSE	TRUE	TRUE	FALSE	NA	NA	NA	NA	NA	NA	NA	NA	NA	NA	NA	NA	NA	NA	NA	NA	NA	NA	-1.35	1.834	FALSE	FALSE	TRUE	FALSE
1006020	EU-RS-002	Serbia_grasslands	Europe	Serbia	Temperate midlatitudes	1983-01-01	45.162854	21.487708	10	25	Not specified	160	225	NA	FALSE	?	Natural	FALSE	FALSE	TRUE	TRUE	FALSE	100	NA	NA	NA	NA	NA	NA	NA	NA	NA	NA	NA	NA	NA	NA	NA	NA	NA	-0.261	0.275	FALSE	TRUE	FALSE	FALSE
1006025	EU-RS-002	Serbia_grasslands	Europe	Serbia	Temperate midlatitudes	1983-01-01	45.194654	21.460484	10	25	Not specified	180	225	NA	FALSE	E12b	Natural	FALSE	FALSE	TRUE	FALSE	FALSE	80	NA	NA	NA	NA	NA	NA	NA	NA	NA	NA	NA	NA	NA	NA	NA	NA	NA	-0.212	0.41	FALSE	FALSE	TRUE	FALSE
1006058	EU-RS-002	Serbia_grasslands	Europe	Serbia	Temperate midlatitudes	1959-01-01	43.799924	20.532661	10	NA	Not specified	NA	NA	NA	FALSE	E21	Semi-natural	FALSE	FALSE	TRUE	FALSE	FALSE	NA	NA	NA	NA	NA	NA	NA	NA	NA	NA	NA	NA	NA	NA	NA	NA	NA	NA	-0.076	0.313	FALSE	FALSE	TRUE	FALSE
1006076	EU-RS-002	Serbia_grasslands	Europe	Serbia	Temperate midlatitudes	1985-01-01	45.289421	20.740522	10	25	Not specified	NA	NA	NA	FALSE	E12a	Semi-natural	FALSE	FALSE	TRUE	FALSE	FALSE	100	NA	NA	NA	NA	NA	NA	NA	NA	NA	NA	NA	NA	NA	NA	NA	NA	NA	-0.252	0.127	TRUE	TRUE	FALSE	TRUE
1006105	EU-RS-002	Serbia_grasslands	Europe	Serbia	Temperate midlatitudes	1993-01-01	46.138006	19.927357	10	NA	Not specified	83	NA	NA	FALSE	E12b	Natural	FALSE	FALSE	TRUE	FALSE	FALSE	100	NA	NA	NA	NA	NA	NA	NA	NA	NA	NA	NA	NA	NA	NA	NA	NA	NA	0.053	-1.083	FALSE	TRUE	FALSE	FALSE
1006108	EU-RS-002	Serbia_grasslands	Europe	Serbia	Temperate midlatitudes	1993-01-01	46.058194	19.933806	10	NA	Not specified	83	NA	NA	FALSE	E12a	Semi-natural	FALSE	FALSE	TRUE	FALSE	FALSE	100	NA	NA	NA	NA	NA	NA	NA	NA	NA	NA	NA	NA	NA	NA	NA	NA	NA	-0.214	-0.529	FALSE	TRUE	FALSE	FALSE
1006109	EU-RS-002	Serbia_grasslands	Europe	Serbia	Temperate midlatitudes	1993-01-01	46.138006	19.927357	10	NA	Not specified	83	NA	NA	FALSE	E12b!	Natural	FALSE	FALSE	TRUE	FALSE	FALSE	90	NA	NA	NA	NA	NA	NA	NA	NA	NA	NA	NA	NA	NA	NA	NA	NA	NA	0.053	-1.083	FALSE	TRUE	FALSE	FALSE
1006121	EU-RS-002	Serbia_grasslands	Europe	Serbia	Temperate midlatitudes	1993-01-01	46.153295	19.993886	10	NA	Not specified	90	NA	NA	FALSE	E12a	Semi-natural	FALSE	FALSE	TRUE	FALSE	FALSE	90	NA	NA	NA	NA	NA	NA	NA	NA	NA	NA	NA	NA	NA	NA	NA	NA	NA	-0.056	-0.861	TRUE	FALSE	FALSE	TRUE
1006126	EU-RS-002	Serbia_grasslands	Europe	Serbia	Temperate midlatitudes	1993-01-01	46.156757	19.931842	10	NA	Not specified	90	NA	NA	FALSE	E12a	Semi-natural	FALSE	FALSE	TRUE	FALSE	FALSE	80	NA	NA	NA	NA	NA	NA	NA	NA	NA	NA	NA	NA	NA	NA	NA	NA	NA	0.053	-1.083	TRUE	FALSE	FALSE	TRUE
1006127	EU-RS-002	Serbia_grasslands	Europe	Serbia	Temperate midlatitudes	1993-01-01	46.149583	19.910773	10	NA	Not specified	90	NA	NA	FALSE	E12a	Semi-natural	FALSE	FALSE	TRUE	FALSE	FALSE	70	NA	NA	NA	NA	NA	NA	NA	NA	NA	NA	NA	NA	NA	NA	NA	NA	NA	0.057	-1.081	FALSE	TRUE	FALSE	FALSE
1006143	EU-RS-002	Serbia_grasslands	Europe	Serbia	Temperate midlatitudes	1993-01-01	46.145726	19.884711	10	NA	Not specified	90	NA	NA	FALSE	E12b	Natural	FALSE	FALSE	TRUE	FALSE	FALSE	100	NA	NA	NA	NA	NA	NA	NA	NA	NA	NA	NA	NA	NA	NA	NA	NA	NA	0.057	-1.081	FALSE	TRUE	FALSE	FALSE
1006174	EU-RS-002	Serbia_grasslands	Europe	Serbia	Temperate midlatitudes	1979-01-01	42.645767	22.325265	10	25	Not specified	1300	180	10	FALSE	E22	Semi-natural	FALSE	FALSE	TRUE	FALSE	FALSE	NA	NA	NA	NA	NA	NA	NA	NA	NA	NA	NA	NA	NA	NA	NA	NA	NA	NA	-1.4	0.972	TRUE	TRUE	FALSE	TRUE
1006187	EU-RS-002	Serbia_grasslands	Europe	Serbia	Temperate midlatitudes	1948-06-26	44.90395	21.218563	10	25	Not specified	80	NA	NA	FALSE	?	Natural	FALSE	FALSE	TRUE	TRUE	FALSE	15	NA	NA	NA	NA	NA	NA	NA	NA	NA	NA	NA	NA	NA	NA	NA	NA	NA	-0.043	-0.121	FALSE	TRUE	FALSE	FALSE
1006197	EU-RS-002	Serbia_grasslands	Europe	Serbia	Temperate midlatitudes	1949-07-05	44.993892	21.000834	10	25	Not specified	80	203	10	FALSE	E11a!	Semi-natural	FALSE	FALSE	TRUE	FALSE	TRUE	30	NA	NA	NA	NA	NA	NA	NA	NA	NA	NA	NA	NA	NA	NA	NA	NA	NA	-0.055	0.016	FALSE	TRUE	FALSE	FALSE
1006203	EU-RS-002	Serbia_grasslands	Europe	Serbia	Temperate midlatitudes	1949-05-24	44.99861	21.040796	10	25	Not specified	80	360	7	FALSE	E11a!	Semi-natural	FALSE	FALSE	TRUE	FALSE	TRUE	55	NA	NA	NA	NA	NA	NA	NA	NA	NA	NA	NA	NA	NA	NA	NA	NA	NA	-0.055	0.016	FALSE	TRUE	FALSE	FALSE
1006204	EU-RS-002	Serbia_grasslands	Europe	Serbia	Temperate midlatitudes	1949-05-22	44.993892	21.000834	10	25	Not specified	80	NA	NA	FALSE	E11a!	Semi-natural	FALSE	FALSE	TRUE	FALSE	TRUE	50	NA	NA	NA	NA	NA	NA	NA	NA	NA	NA	NA	NA	NA	NA	NA	NA	NA	-0.055	0.016	TRUE	FALSE	FALSE	TRUE
1006205	EU-RS-002	Serbia_grasslands	Europe	Serbia	Temperate midlatitudes	1949-06-11	44.932832	21.073001	10	25	Not specified	80	225	15	FALSE	E11a!	Semi-natural	FALSE	FALSE	TRUE	FALSE	TRUE	50	NA	NA	NA	NA	NA	NA	NA	NA	NA	NA	NA	NA	NA	NA	NA	NA	NA	-0.017	-0.067	FALSE	TRUE	FALSE	FALSE
1006212	EU-RS-002	Serbia_grasslands	Europe	Serbia	Temperate midlatitudes	1948-05-08	44.939243	21.071228	10	16	Not specified	80	360	10	FALSE	E11d	Semi-natural	FALSE	FALSE	TRUE	FALSE	TRUE	80	NA	NA	NA	NA	NA	NA	NA	NA	NA	NA	NA	NA	NA	NA	NA	NA	NA	-0.017	-0.067	TRUE	FALSE	FALSE	TRUE
1006217	EU-RS-002	Serbia_grasslands	Europe	Serbia	Temperate midlatitudes	1948-06-11	44.939243	21.071228	10	25	Not specified	80	315	10	FALSE	E11d	Semi-natural	FALSE	FALSE	TRUE	FALSE	TRUE	85	NA	NA	NA	NA	NA	NA	NA	NA	NA	NA	NA	NA	NA	NA	NA	NA	NA	-0.017	-0.067	TRUE	FALSE	FALSE	TRUE
1006228	EU-RS-002	Serbia_grasslands	Europe	Serbia	Temperate midlatitudes	1986-01-01	46.144956	19.632528	10	NA	Not specified	120	NA	NA	FALSE	E11a!	Semi-natural	FALSE	FALSE	TRUE	FALSE	TRUE	80	NA	NA	NA	NA	NA	NA	NA	NA	NA	NA	NA	NA	NA	NA	NA	NA	NA	-0.101	-0.65	FALSE	FALSE	TRUE	FALSE
1006235	EU-RS-002	Serbia_grasslands	Europe	Serbia	Temperate midlatitudes	1986-01-01	46.153944	19.679846	10	NA	Not specified	120	NA	NA	FALSE	E11a	Semi-natural	FALSE	FALSE	TRUE	FALSE	TRUE	60	NA	NA	NA	NA	NA	NA	NA	NA	NA	NA	NA	NA	NA	NA	NA	NA	NA	0.013	-0.993	TRUE	FALSE	FALSE	TRUE
1006237	EU-RS-002	Serbia_grasslands	Europe	Serbia	Temperate midlatitudes	1986-01-01	46.16265	19.640943	10	NA	Not specified	120	NA	NA	FALSE	E11a!	Semi-natural	FALSE	FALSE	TRUE	FALSE	TRUE	80	NA	NA	NA	NA	NA	NA	NA	NA	NA	NA	NA	NA	NA	NA	NA	NA	NA	-0.101	-0.65	TRUE	FALSE	FALSE	TRUE
1006251	EU-RS-002	Serbia_grasslands	Europe	Serbia	Temperate midlatitudes	1952-06-01	44.815699	21.34381	10	25	Not specified	NA	360	20	FALSE	E11a!	Semi-natural	FALSE	FALSE	TRUE	FALSE	TRUE	40	NA	NA	NA	NA	NA	NA	NA	NA	NA	NA	NA	NA	NA	NA	NA	NA	NA	-0.123	0.495	FALSE	FALSE	TRUE	FALSE
1006268	EU-RS-002	Serbia_grasslands	Europe	Serbia	Temperate midlatitudes	1952-06-01	44.738317	21.543333	10	25	Not specified	NA	360	10	FALSE	E12a	Semi-natural	FALSE	FALSE	TRUE	FALSE	FALSE	90	NA	NA	NA	NA	NA	NA	NA	NA	NA	NA	NA	NA	NA	NA	NA	NA	NA	0.05	-0.015	FALSE	TRUE	FALSE	FALSE
1006312	EU-RS-002	Serbia_grasslands	Europe	Serbia	Temperate midlatitudes	1986-01-01	43.211208	21.634326	10	400	Not specified	280	225	20	FALSE	E12b!	Natural	FALSE	FALSE	TRUE	FALSE	FALSE	NA	NA	NA	NA	NA	NA	NA	NA	NA	NA	NA	NA	NA	NA	NA	NA	NA	NA	-0.056	-0.125	FALSE	TRUE	FALSE	FALSE
1006315	EU-RS-002	Serbia_grasslands	Europe	Serbia	Temperate midlatitudes	1986-01-01	43.211208	21.634326	10	400	Not specified	280	180	20	FALSE	Y-Gra	Semi-natural	FALSE	FALSE	TRUE	FALSE	FALSE	NA	NA	NA	NA	NA	NA	NA	NA	NA	NA	NA	NA	NA	NA	NA	NA	NA	NA	-0.056	-0.125	TRUE	FALSE	TRUE	TRUE
1006356	EU-RS-002	Serbia_grasslands	Europe	Serbia	Temperate midlatitudes	1973-01-01	43.18182	21.937959	10	NA	Not specified	280	NA	NA	FALSE	E19a	Semi-natural	FALSE	FALSE	TRUE	FALSE	TRUE	NA	NA	NA	NA	NA	NA	NA	NA	NA	NA	NA	NA	NA	NA	NA	NA	NA	NA	-0.051	-0.09	FALSE	FALSE	TRUE	FALSE
1006411	EU-RS-002	Serbia_grasslands	Europe	Serbia	Temperate midlatitudes	1983-01-01	42.268652	21.652437	10	900	Not specified	600	180	5	FALSE	?	Natural	FALSE	FALSE	TRUE	TRUE	FALSE	NA	NA	NA	NA	NA	NA	NA	NA	NA	NA	NA	NA	NA	NA	NA	NA	NA	NA	-0.486	0.078	FALSE	TRUE	FALSE	FALSE
1006434	EU-RS-002	Serbia_grasslands	Europe	Serbia	Temperate midlatitudes	1969-01-01	42.248212	21.058979	10	100	Not specified	830	180	75	FALSE	E11h	Semi-natural	FALSE	FALSE	TRUE	FALSE	TRUE	NA	NA	NA	NA	NA	NA	NA	NA	NA	NA	NA	NA	NA	NA	NA	NA	NA	NA	-1.032	1.589	FALSE	TRUE	FALSE	FALSE
1006466	EU-RS-002	Serbia_grasslands	Europe	Serbia	Temperate midlatitudes	1969-01-01	42.200623	20.97369	10	100	Not specified	1300	180	25	FALSE	E11h	Semi-natural	FALSE	FALSE	TRUE	FALSE	TRUE	NA	NA	NA	NA	NA	NA	NA	NA	NA	NA	NA	NA	NA	NA	NA	NA	NA	NA	-1.127	1.797	FALSE	TRUE	FALSE	FALSE
1006530	EU-RS-002	Serbia_grasslands	Europe	Serbia	Temperate midlatitudes	1978-01-01	43.357522	22.687925	10	100	Not specified	1250	180	10	FALSE	E12a	Semi-natural	FALSE	FALSE	TRUE	FALSE	FALSE	NA	NA	NA	NA	NA	NA	NA	NA	NA	NA	NA	NA	NA	NA	NA	NA	NA	NA	-1.199	0.755	FALSE	FALSE	TRUE	FALSE
1006540	EU-RS-002	Serbia_grasslands	Europe	Serbia	Temperate midlatitudes	1978-01-01	43.347629	22.664711	10	100	Not specified	1300	225	10	FALSE	Y-Gra	Semi-natural	FALSE	FALSE	TRUE	FALSE	FALSE	NA	NA	NA	NA	NA	NA	NA	NA	NA	NA	NA	NA	NA	NA	NA	NA	NA	NA	-1.433	1.126	FALSE	FALSE	TRUE	FALSE
1006578	EU-RS-002	Serbia_grasslands	Europe	Serbia	Temperate midlatitudes	1992-01-01	43.721476	19.657959	10	100	Not specified	980	158	50	FALSE	E11j	Semi-natural	FALSE	FALSE	TRUE	FALSE	FALSE	55	NA	NA	NA	NA	NA	NA	NA	NA	NA	NA	NA	NA	NA	NA	NA	NA	NA	-0.865	1.953	FALSE	FALSE	TRUE	FALSE
1006592	EU-RS-002	Serbia_grasslands	Europe	Serbia	Temperate midlatitudes	1992-01-01	42.252792	20.86922	10	25	Not specified	1700	180	20	FALSE	Y-Gra	Semi-natural	FALSE	FALSE	TRUE	FALSE	FALSE	80	NA	NA	NA	NA	NA	NA	NA	NA	NA	NA	NA	NA	NA	NA	NA	NA	NA	-0.918	1.869	FALSE	TRUE	FALSE	FALSE
1006619	EU-RS-002	Serbia_grasslands	Europe	Serbia	Temperate midlatitudes	1992-01-01	43.436819	20.437099	10	NA	Not specified	1200	180	5	FALSE	E22	Semi-natural	FALSE	FALSE	TRUE	FALSE	FALSE	100	NA	NA	NA	NA	NA	NA	NA	NA	NA	NA	NA	NA	NA	NA	NA	NA	NA	-1.143	2.061	TRUE	FALSE	FALSE	TRUE
1006701	EU-RS-002	Serbia_grasslands	Europe	Serbia	Temperate midlatitudes	2005-01-01	43.389378	22.634747	10	NA	Not specified	1800	NA	NA	FALSE	?	Semi-natural	FALSE	FALSE	TRUE	TRUE	FALSE	NA	NA	NA	NA	NA	NA	NA	NA	NA	NA	NA	NA	NA	NA	NA	NA	NA	NA	-1.932	2.11	TRUE	FALSE	FALSE	TRUE
1006702	EU-RS-002	Serbia_grasslands	Europe	Serbia	Temperate midlatitudes	2005-01-01	43.389378	22.634747	10	NA	Not specified	1800	NA	NA	NA	?	NA	NA	NA	NA	NA	NA	NA	NA	NA	NA	NA	NA	NA	NA	NA	NA	NA	NA	NA	NA	NA	NA	NA	NA	-1.932	2.11	TRUE	FALSE	FALSE	TRUE
1006868	EU-RS-002	Serbia_grasslands	Europe	Serbia	Temperate midlatitudes	1978-01-01	43.250293	22.775451	10	100	Not specified	920	270	7	FALSE	E33	Semi-natural	FALSE	FALSE	TRUE	TRUE	FALSE	NA	NA	NA	NA	NA	NA	NA	NA	NA	NA	NA	NA	NA	NA	NA	NA	NA	NA	-1.32	0.806	FALSE	FALSE	TRUE	FALSE
1006880	EU-RS-002	Serbia_grasslands	Europe	Serbia	Temperate midlatitudes	1978-01-01	43.376177	22.716632	10	100	Not specified	1270	180	5	FALSE	E22	Semi-natural	FALSE	FALSE	TRUE	FALSE	FALSE	NA	NA	NA	NA	NA	NA	NA	NA	NA	NA	NA	NA	NA	NA	NA	NA	NA	NA	-2.073	2.129	TRUE	FALSE	FALSE	TRUE
1006890	EU-RS-002	Serbia_grasslands	Europe	Serbia	Temperate midlatitudes	1978-01-01	43.305783	22.832895	10	100	Not specified	1930	225	10	FALSE	Y-Gra	Semi-natural	FALSE	FALSE	TRUE	FALSE	FALSE	NA	NA	NA	NA	NA	NA	NA	NA	NA	NA	NA	NA	NA	NA	NA	NA	NA	NA	-2.085	2.293	TRUE	FALSE	TRUE	TRUE
1006891	EU-RS-002	Serbia_grasslands	Europe	Serbia	Temperate midlatitudes	1978-01-01	43.376177	22.716632	10	100	Not specified	1370	360	5	NA	?	NA	NA	NA	NA	NA	NA	NA	NA	NA	NA	NA	NA	NA	NA	NA	NA	NA	NA	NA	NA	NA	NA	NA	NA	-2.073	2.129	FALSE	TRUE	TRUE	TRUE
1006899	EU-RS-002	Serbia_grasslands	Europe	Serbia	Temperate midlatitudes	1978-01-01	43.331429	22.794746	10	100	Not specified	1700	225	5	FALSE	E17	Semi-natural	FALSE	FALSE	TRUE	FALSE	FALSE	NA	NA	NA	NA	NA	NA	NA	NA	NA	NA	NA	NA	NA	NA	NA	NA	NA	NA	-2.085	2.293	TRUE	FALSE	FALSE	TRUE
1006900	EU-RS-002	Serbia_grasslands	Europe	Serbia	Temperate midlatitudes	1978-01-01	43.331429	22.794746	10	100	Not specified	1700	360	5	FALSE	Y-Gra	Semi-natural	FALSE	FALSE	TRUE	FALSE	FALSE	NA	NA	NA	NA	NA	NA	NA	NA	NA	NA	NA	NA	NA	NA	NA	NA	NA	NA	-2.085	2.293	FALSE	FALSE	TRUE	TRUE
1006925	EU-RS-002	Serbia_grasslands	Europe	Serbia	Temperate midlatitudes	1968-01-01	43.519963	20.612662	10	25	Not specified	370	225	NA	FALSE	E12a	Semi-natural	FALSE	FALSE	TRUE	FALSE	FALSE	100	NA	NA	NA	NA	NA	NA	NA	NA	NA	NA	NA	NA	NA	NA	NA	NA	NA	-0.398	0.491	FALSE	FALSE	TRUE	FALSE
1006928	EU-RS-002	Serbia_grasslands	Europe	Serbia	Temperate midlatitudes	1968-01-01	43.491467	20.631419	10	25	Not specified	350	203	NA	FALSE	E12a	Semi-natural	FALSE	FALSE	TRUE	FALSE	FALSE	100	NA	NA	NA	NA	NA	NA	NA	NA	NA	NA	NA	NA	NA	NA	NA	NA	NA	-0.501	1.056	FALSE	TRUE	FALSE	FALSE
1006959	EU-RS-002	Serbia_grasslands	Europe	Serbia	Temperate midlatitudes	1992-01-01	43.473987	20.461673	10	NA	Not specified	1500	NA	NA	FALSE	E22	Semi-natural	FALSE	FALSE	TRUE	FALSE	FALSE	NA	NA	NA	NA	NA	NA	NA	NA	NA	NA	NA	NA	NA	NA	NA	NA	NA	NA	-1.476	2.596	FALSE	TRUE	FALSE	FALSE
1006972	EU-RS-002	Serbia_grasslands	Europe	Serbia	Temperate midlatitudes	1956-07-26	42.157178	20.952285	10	NA	Not specified	1700	225	18	FALSE	E21	Semi-natural	FALSE	FALSE	TRUE	FALSE	FALSE	NA	NA	NA	NA	NA	NA	NA	NA	NA	NA	NA	NA	NA	NA	NA	NA	NA	NA	-1.919	2.752	FALSE	TRUE	FALSE	FALSE
1006987	EU-RS-002	Serbia_grasslands	Europe	Serbia	Alpine	1956-07-28	42.171086	21.035107	10	NA	Not specified	2060	338	25	FALSE	E43b	Natural	FALSE	FALSE	TRUE	FALSE	FALSE	NA	NA	NA	NA	NA	NA	NA	NA	NA	NA	NA	NA	NA	NA	NA	NA	NA	NA	-1.404	2.115	FALSE	TRUE	FALSE	FALSE
1007002	EU-RS-002	Serbia_grasslands	Europe	Serbia	Temperate midlatitudes	NA	43.275268	20.362664	10	400	Not specified	1620	180	5	FALSE	E17	Semi-natural	FALSE	FALSE	TRUE	FALSE	FALSE	NA	NA	NA	NA	NA	NA	NA	NA	NA	NA	NA	NA	NA	NA	NA	NA	NA	NA	-1.434	2.374	FALSE	FALSE	TRUE	FALSE
1007017	EU-RS-002	Serbia_grasslands	Europe	Serbia	Temperate midlatitudes	NA	43.330854	20.285909	10	400	Not specified	1750	225	5	FALSE	E17	Semi-natural	FALSE	FALSE	TRUE	FALSE	FALSE	NA	NA	NA	NA	NA	NA	NA	NA	NA	NA	NA	NA	NA	NA	NA	NA	NA	NA	-1.08	1.814	FALSE	TRUE	FALSE	FALSE
1007034	EU-RS-002	Serbia_grasslands	Europe	Serbia	Temperate midlatitudes	1956-01-01	44.106272	19.958562	10	25	Not specified	930	NA	NA	FALSE	Y-Gra	Semi-natural	FALSE	FALSE	TRUE	FALSE	FALSE	100	NA	NA	NA	NA	NA	NA	NA	NA	NA	NA	NA	NA	NA	NA	NA	NA	NA	-0.938	2.228	FALSE	FALSE	TRUE	FALSE
1007118	EU-RS-002	Serbia_grasslands	Europe	Serbia	Temperate midlatitudes	1950-07-01	43.144848	22.214046	10	50	Not specified	1680	NA	0	FALSE	E22	Semi-natural	FALSE	FALSE	TRUE	FALSE	FALSE	NA	NA	NA	NA	NA	NA	NA	NA	NA	NA	NA	NA	NA	NA	NA	NA	NA	NA	-1.608	1.804	FALSE	FALSE	TRUE	FALSE
1007122	EU-RS-002	Serbia_grasslands	Europe	Serbia	Temperate midlatitudes	1950-07-01	43.164959	22.241589	10	50	Not specified	1680	NA	0	FALSE	E22	Semi-natural	FALSE	FALSE	TRUE	FALSE	FALSE	NA	NA	NA	NA	NA	NA	NA	NA	NA	NA	NA	NA	NA	NA	NA	NA	NA	NA	-1.608	1.804	FALSE	FALSE	TRUE	FALSE
1007148	EU-RS-002	Serbia_grasslands	Europe	Serbia	Temperate midlatitudes	1951-01-01	43.732237	19.6797	10	16	Not specified	930	NA	NA	FALSE	Y-Gra	Semi-natural	FALSE	FALSE	TRUE	FALSE	FALSE	90	NA	NA	NA	NA	NA	NA	NA	NA	NA	NA	NA	NA	NA	NA	NA	NA	NA	-0.818	2.012	FALSE	FALSE	TRUE	FALSE
1007177	EU-RS-002	Serbia_grasslands	Europe	Serbia	Temperate midlatitudes	1986-01-01	45.265596	20.174958	10	NA	Not specified	NA	NA	NA	FALSE	E22	Semi-natural	FALSE	FALSE	TRUE	FALSE	FALSE	100	NA	NA	NA	NA	NA	NA	NA	NA	NA	NA	NA	NA	NA	NA	NA	NA	NA	-0.248	0.212	FALSE	FALSE	TRUE	FALSE
1007242	EU-RS-002	Serbia_grasslands	Europe	Serbia	Temperate midlatitudes	1977-01-01	42.721536	22.333398	10	20	Not specified	1200	NA	5	FALSE	Y-Gra	Semi-natural	FALSE	FALSE	TRUE	FALSE	FALSE	NA	NA	NA	NA	NA	NA	NA	NA	NA	NA	NA	NA	NA	NA	NA	NA	NA	NA	-1.247	0.5	FALSE	TRUE	FALSE	FALSE
1007249	EU-RS-002	Serbia_grasslands	Europe	Serbia	Temperate midlatitudes	1977-01-01	42.707923	22.10841	10	NA	Not specified	380	NA	NA	FALSE	E33	Semi-natural	FALSE	FALSE	TRUE	TRUE	FALSE	NA	NA	NA	NA	NA	NA	NA	NA	NA	NA	NA	NA	NA	NA	NA	NA	NA	NA	-0.286	-0.074	FALSE	FALSE	TRUE	FALSE
1007257	EU-RS-002	Serbia_grasslands	Europe	Serbia	Temperate midlatitudes	1977-01-01	42.684178	22.153417	10	NA	Not specified	500	NA	NA	FALSE	E33	Semi-natural	FALSE	FALSE	TRUE	TRUE	FALSE	NA	NA	NA	NA	NA	NA	NA	NA	NA	NA	NA	NA	NA	NA	NA	NA	NA	NA	-0.242	-0.331	FALSE	FALSE	TRUE	FALSE
1007327	EU-RS-002	Serbia_grasslands	Europe	Serbia	Temperate midlatitudes	1977-01-01	42.952142	22.120186	10	NA	Not specified	1200	360	40	FALSE	Y-Gra	Semi-natural	FALSE	FALSE	TRUE	FALSE	FALSE	NA	NA	NA	NA	NA	NA	NA	NA	NA	NA	NA	NA	NA	NA	NA	NA	NA	NA	-0.134	0.025	FALSE	FALSE	TRUE	FALSE
1007379	EU-RS-002	Serbia_grasslands	Europe	Serbia	Temperate midlatitudes	1984-01-01	45.168	19.546508	10	25	Not specified	NA	225	40	FALSE	E12b	Natural	FALSE	FALSE	TRUE	FALSE	FALSE	70	NA	NA	NA	NA	NA	NA	NA	NA	NA	NA	NA	NA	NA	NA	NA	NA	NA	-0.271	0.446	TRUE	FALSE	FALSE	TRUE
1007411	EU-RS-002	Serbia_grasslands	Europe	Serbia	Temperate midlatitudes	1965-01-01	45.181249	20.011051	10	50	Not specified	NA	NA	NA	FALSE	Y-Gra	Semi-natural	FALSE	FALSE	TRUE	FALSE	FALSE	90	NA	NA	NA	NA	NA	NA	NA	NA	NA	NA	NA	NA	NA	NA	NA	NA	NA	-0.093	-0.049	FALSE	TRUE	FALSE	FALSE
1007435	EU-RS-002	Serbia_grasslands	Europe	Serbia	Temperate midlatitudes	1978-01-01	42.983263	22.055829	10	NA	Not specified	260	NA	NA	FALSE	E33	Semi-natural	FALSE	FALSE	TRUE	TRUE	FALSE	100	NA	NA	NA	NA	NA	NA	NA	NA	NA	NA	NA	NA	NA	NA	NA	NA	NA	0.071	-0.313	FALSE	FALSE	TRUE	FALSE
1007457	EU-RS-002	Serbia_grasslands	Europe	Serbia	Temperate midlatitudes	1994-01-01	42.711993	22.37172	10	NA	Not specified	1300	90	10	FALSE	E34a	Semi-natural	FALSE	FALSE	TRUE	TRUE	FALSE	NA	NA	NA	NA	NA	NA	NA	NA	NA	NA	NA	NA	NA	NA	NA	NA	NA	NA	-1.247	0.5	FALSE	FALSE	TRUE	FALSE
1007568	EU-RS-002	Serbia_grasslands	Europe	Serbia	Temperate midlatitudes	1959-06-01	43.933339	21.350619	10	100	Not specified	NA	NA	NA	FALSE	Y-Gra	Semi-natural	FALSE	FALSE	TRUE	FALSE	FALSE	100	NA	NA	NA	NA	NA	NA	NA	NA	NA	NA	NA	NA	NA	NA	NA	NA	NA	-0.053	0.017	FALSE	TRUE	FALSE	FALSE
1007572	EU-RS-002	Serbia_grasslands	Europe	Serbia	Temperate midlatitudes	1959-06-01	43.892104	21.388931	10	100	Not specified	NA	NA	NA	FALSE	E33	Semi-natural	FALSE	FALSE	TRUE	TRUE	FALSE	95	NA	NA	NA	NA	NA	NA	NA	NA	NA	NA	NA	NA	NA	NA	NA	NA	NA	-0.079	0.258	FALSE	FALSE	TRUE	TRUE
1007575	EU-RS-002	Serbia_grasslands	Europe	Serbia	Temperate midlatitudes	1957-06-01	44.706812	21.029277	10	100	Not specified	NA	NA	NA	FALSE	E33	Semi-natural	FALSE	FALSE	TRUE	TRUE	FALSE	100	NA	NA	NA	NA	NA	NA	NA	NA	NA	NA	NA	NA	NA	NA	NA	NA	NA	-0.045	0.171	FALSE	FALSE	TRUE	FALSE
1007594	EU-RS-002	Serbia_grasslands	Europe	Serbia	Temperate midlatitudes	1959-06-01	44.268741	20.864477	10	100	Not specified	NA	NA	NA	FALSE	E33	Semi-natural	FALSE	FALSE	TRUE	TRUE	FALSE	100	NA	NA	NA	NA	NA	NA	NA	NA	NA	NA	NA	NA	NA	NA	NA	NA	NA	-0.143	0.132	TRUE	FALSE	FALSE	TRUE
1007596	EU-RS-002	Serbia_grasslands	Europe	Serbia	Temperate midlatitudes	1959-06-01	44.046808	20.997182	10	100	Not specified	NA	NA	NA	FALSE	E33	Semi-natural	FALSE	FALSE	TRUE	TRUE	FALSE	95	NA	NA	NA	NA	NA	NA	NA	NA	NA	NA	NA	NA	NA	NA	NA	NA	NA	-0.223	0.191	FALSE	FALSE	TRUE	FALSE
1007629	EU-RS-002	Serbia_grasslands	Europe	Serbia	Temperate midlatitudes	2002-01-01	42.640119	22.333804	10	100	Not specified	1600	45	10	FALSE	Y-Gra	Semi-natural	FALSE	FALSE	TRUE	FALSE	FALSE	100	NA	NA	NA	NA	NA	NA	NA	NA	NA	NA	NA	NA	NA	NA	NA	NA	NA	-1.444	1.234	TRUE	FALSE	FALSE	TRUE
1007665	EU-RS-002	Serbia_grasslands	Europe	Serbia	Temperate midlatitudes	1949-06-19	44.964001	21.045958	10	25	Not specified	NA	NA	NA	FALSE	E12b!	Natural	FALSE	FALSE	TRUE	FALSE	FALSE	90	NA	NA	NA	NA	NA	NA	NA	NA	NA	NA	NA	NA	NA	NA	NA	NA	NA	-0.028	0.061	FALSE	FALSE	TRUE	FALSE
1007672	EU-RS-002	Serbia_grasslands	Europe	Serbia	Temperate midlatitudes	1950-07-07	44.964001	21.045958	10	25	Not specified	NA	NA	NA	FALSE	E12a	Semi-natural	FALSE	FALSE	TRUE	FALSE	FALSE	100	NA	NA	NA	NA	NA	NA	NA	NA	NA	NA	NA	NA	NA	NA	NA	NA	NA	-0.028	0.061	FALSE	TRUE	FALSE	FALSE
1007692	EU-RS-002	Serbia_grasslands	Europe	Serbia	Temperate midlatitudes	1948-06-24	44.80872	21.250616	10	40	Not specified	NA	NA	NA	FALSE	Y-Gra	Semi-natural	FALSE	FALSE	TRUE	FALSE	FALSE	95	NA	NA	NA	NA	NA	NA	NA	NA	NA	NA	NA	NA	NA	NA	NA	NA	NA	-0.032	-0.002	TRUE	FALSE	FALSE	TRUE
1007708	EU-RS-002	Serbia_grasslands	Europe	Serbia	Temperate midlatitudes	1979-01-01	42.632686	22.042047	10	NA	Not specified	390	360	NA	FALSE	E33	Semi-natural	FALSE	FALSE	TRUE	TRUE	FALSE	NA	NA	NA	NA	NA	NA	NA	NA	NA	NA	NA	NA	NA	NA	NA	NA	NA	NA	-0.23	-0.296	FALSE	FALSE	TRUE	FALSE
1007727	EU-RS-002	Serbia_grasslands	Europe	Serbia	Temperate midlatitudes	1979-01-01	42.609962	22.034713	10	NA	Not specified	390	360	5	FALSE	E33	Semi-natural	FALSE	FALSE	TRUE	TRUE	FALSE	NA	NA	NA	NA	NA	NA	NA	NA	NA	NA	NA	NA	NA	NA	NA	NA	NA	NA	-0.256	-0.338	FALSE	FALSE	TRUE	TRUE
1007730	EU-RS-002	Serbia_grasslands	Europe	Serbia	Temperate midlatitudes	1979-01-01	42.609962	22.034713	10	NA	Not specified	390	360	5	FALSE	E33	Semi-natural	FALSE	FALSE	TRUE	TRUE	FALSE	NA	NA	NA	NA	NA	NA	NA	NA	NA	NA	NA	NA	NA	NA	NA	NA	NA	NA	-0.256	-0.338	FALSE	FALSE	TRUE	FALSE
1007731	EU-RS-002	Serbia_grasslands	Europe	Serbia	Temperate midlatitudes	1979-01-01	43.134288	21.897748	10	NA	Not specified	220	360	NA	FALSE	E33	Semi-natural	FALSE	FALSE	TRUE	TRUE	FALSE	NA	NA	NA	NA	NA	NA	NA	NA	NA	NA	NA	NA	NA	NA	NA	NA	NA	NA	-0.118	-0.232	TRUE	FALSE	FALSE	TRUE
1007807	EU-RS-002	Serbia_grasslands	Europe	Serbia	Temperate midlatitudes	1979-01-01	42.720009	21.987355	10	NA	Not specified	900	360	10	FALSE	E12a	Semi-natural	FALSE	FALSE	TRUE	FALSE	FALSE	NA	NA	NA	NA	NA	NA	NA	NA	NA	NA	NA	NA	NA	NA	NA	NA	NA	NA	-1.064	0.717	FALSE	FALSE	TRUE	TRUE
1007832	EU-RS-002	Serbia_grasslands	Europe	Serbia	Temperate midlatitudes	1979-01-01	43.067361	21.934182	10	NA	Not specified	230	180	20	FALSE	E19a	Semi-natural	FALSE	FALSE	TRUE	FALSE	TRUE	NA	NA	NA	NA	NA	NA	NA	NA	NA	NA	NA	NA	NA	NA	NA	NA	NA	NA	-0.086	-0.258	FALSE	TRUE	FALSE	FALSE
1007836	EU-RS-002	Serbia_grasslands	Europe	Serbia	Temperate midlatitudes	1979-01-01	43.032295	21.641425	10	NA	Not specified	350	360	10	FALSE	E19a	Semi-natural	FALSE	FALSE	TRUE	FALSE	TRUE	NA	NA	NA	NA	NA	NA	NA	NA	NA	NA	NA	NA	NA	NA	NA	NA	NA	NA	-0.252	0.214	TRUE	FALSE	FALSE	TRUE
1007876	EU-RS-002	Serbia_grasslands	Europe	Serbia	Temperate midlatitudes	1979-01-01	45.310334	20.065126	10	NA	Not specified	NA	NA	NA	FALSE	E62	Semi-natural	FALSE	FALSE	TRUE	FALSE	TRUE	90	NA	NA	NA	NA	NA	NA	NA	NA	NA	NA	NA	NA	NA	NA	NA	NA	NA	-0.208	0.035	TRUE	FALSE	FALSE	TRUE
1007997	EU-RS-002	Serbia_grasslands	Europe	Serbia	Temperate midlatitudes	2007-01-01	44.562988	20.884905	10	100	Not specified	120	135	10	FALSE	E12b	Natural	FALSE	FALSE	TRUE	FALSE	FALSE	100	NA	NA	NA	NA	NA	NA	NA	NA	NA	NA	NA	NA	NA	NA	NA	NA	NA	-0.157	0.255	FALSE	FALSE	TRUE	FALSE
1008015	EU-RS-002	Serbia_grasslands	Europe	Serbia	Temperate midlatitudes	2007-01-01	44.113661	20.183175	10	100	Not specified	700	180	45	TRUE	?	Natural	TRUE	FALSE	FALSE	FALSE	FALSE	65	NA	NA	NA	NA	NA	NA	NA	NA	NA	NA	NA	NA	NA	NA	NA	NA	NA	-0.774	1.601	FALSE	FALSE	TRUE	FALSE
1008031	EU-RS-002	Serbia_grasslands	Europe	Serbia	Temperate midlatitudes	1993-01-01	42.507096	21.65229	10	NA	Not specified	620	225	15	FALSE	E1A	Semi-natural	FALSE	FALSE	TRUE	FALSE	TRUE	NA	NA	NA	NA	NA	NA	NA	NA	NA	NA	NA	NA	NA	NA	NA	NA	NA	NA	-0.323	-0.135	FALSE	FALSE	TRUE	FALSE
1008040	EU-RS-002	Serbia_grasslands	Europe	Serbia	Temperate midlatitudes	1985-01-01	45.372556	20.663633	10	9	Not specified	NA	NA	NA	FALSE	E62	Semi-natural	FALSE	FALSE	TRUE	FALSE	TRUE	50	NA	NA	NA	NA	NA	NA	NA	NA	NA	NA	NA	NA	NA	NA	NA	NA	NA	-0.343	0.205	FALSE	TRUE	FALSE	FALSE
1008061	EU-RS-002	Serbia_grasslands	Europe	Serbia	Temperate midlatitudes	1985-01-01	45.360262	20.726544	10	25	Not specified	NA	NA	NA	FALSE	C35c	Natural	FALSE	FALSE	FALSE	TRUE	TRUE	90	NA	NA	NA	NA	NA	NA	NA	NA	NA	NA	NA	NA	NA	NA	NA	NA	NA	-0.157	0.002	FALSE	TRUE	FALSE	FALSE
1008067	EU-RS-002	Serbia_grasslands	Europe	Serbia	Temperate midlatitudes	1985-01-01	45.345272	20.692496	10	25	Not specified	NA	NA	NA	FALSE	?	Semi-natural	FALSE	FALSE	TRUE	FALSE	FALSE	100	NA	NA	NA	NA	NA	NA	NA	NA	NA	NA	NA	NA	NA	NA	NA	NA	NA	-0.128	-0.123	FALSE	TRUE	FALSE	FALSE
1008127	EU-RS-002	Serbia_grasslands	Europe	Serbia	Temperate midlatitudes	1985-01-01	45.379119	20.762124	10	NA	Not specified	NA	NA	NA	FALSE	E62	Semi-natural	FALSE	FALSE	TRUE	FALSE	TRUE	NA	NA	NA	NA	NA	NA	NA	NA	NA	NA	NA	NA	NA	NA	NA	NA	NA	NA	-0.229	0.057	FALSE	TRUE	FALSE	FALSE
1008128	EU-RS-002	Serbia_grasslands	Europe	Serbia	Temperate midlatitudes	1985-01-01	45.379119	20.762124	10	NA	Not specified	NA	NA	NA	FALSE	E62	Semi-natural	FALSE	FALSE	TRUE	FALSE	TRUE	NA	NA	NA	NA	NA	NA	NA	NA	NA	NA	NA	NA	NA	NA	NA	NA	NA	NA	-0.229	0.057	FALSE	TRUE	FALSE	FALSE
1008138	EU-RS-002	Serbia_grasslands	Europe	Serbia	Temperate midlatitudes	1985-01-01	45.345303	20.694619	10	5	Not specified	NA	NA	NA	FALSE	?	Semi-natural	FALSE	TRUE	FALSE	FALSE	FALSE	40	NA	NA	NA	NA	NA	NA	NA	NA	NA	NA	NA	NA	NA	NA	NA	NA	NA	-0.128	-0.123	TRUE	FALSE	FALSE	TRUE
1008239	EU-RS-002	Serbia_grasslands	Europe	Serbia	Temperate midlatitudes	1985-01-01	45.343949	20.68637	10	NA	Not specified	NA	NA	NA	FALSE	E62	Semi-natural	FALSE	FALSE	TRUE	FALSE	TRUE	NA	NA	NA	NA	NA	NA	NA	NA	NA	NA	NA	NA	NA	NA	NA	NA	NA	NA	-0.128	-0.123	TRUE	FALSE	FALSE	TRUE
1008261	EU-RS-002	Serbia_grasslands	Europe	Serbia	Temperate midlatitudes	1985-01-01	45.362029	20.668663	10	25	Not specified	NA	NA	NA	FALSE	E62	Semi-natural	FALSE	FALSE	TRUE	FALSE	TRUE	100	NA	NA	NA	NA	NA	NA	NA	NA	NA	NA	NA	NA	NA	NA	NA	NA	NA	-0.128	-0.123	FALSE	FALSE	TRUE	FALSE
1008362	EU-RS-002	Serbia_grasslands	Europe	Serbia	Temperate midlatitudes	1985-01-01	45.328141	20.656269	10	NA	Not specified	NA	NA	NA	FALSE	Y-Gra	Semi-natural	FALSE	FALSE	TRUE	FALSE	FALSE	100	NA	NA	NA	NA	NA	NA	NA	NA	NA	NA	NA	NA	NA	NA	NA	NA	NA	-0.202	-0.149	FALSE	TRUE	FALSE	FALSE
1008402	EU-RS-002	Serbia_grasslands	Europe	Serbia	Temperate midlatitudes	1985-01-01	45.355032	20.662879	10	25	Not specified	NA	NA	NA	FALSE	E22	Semi-natural	FALSE	FALSE	TRUE	FALSE	FALSE	100	NA	NA	NA	NA	NA	NA	NA	NA	NA	NA	NA	NA	NA	NA	NA	NA	NA	-0.343	0.205	FALSE	TRUE	FALSE	FALSE
1008453	EU-RS-002	Serbia_grasslands	Europe	Serbia	Temperate midlatitudes	1981-01-01	45.6068	19.371356	10	20	Not specified	NA	NA	NA	FALSE	C51a	Natural	FALSE	FALSE	TRUE	TRUE	FALSE	80	NA	NA	NA	NA	NA	NA	NA	NA	NA	NA	NA	NA	NA	NA	NA	NA	NA	-0.184	-0.096	TRUE	FALSE	FALSE	TRUE
1008454	EU-RS-002	Serbia_grasslands	Europe	Serbia	Temperate midlatitudes	1981-01-01	45.6068	19.371356	10	25	Not specified	NA	NA	NA	FALSE	C51a	Natural	FALSE	FALSE	TRUE	TRUE	FALSE	80	NA	NA	NA	NA	NA	NA	NA	NA	NA	NA	NA	NA	NA	NA	NA	NA	NA	-0.184	-0.096	FALSE	FALSE	TRUE	FALSE
1008526	EU-RS-002	Serbia_grasslands	Europe	Serbia	Temperate midlatitudes	1980-01-01	45.822381	19.208775	10	NA	Not specified	NA	NA	NA	FALSE	E62	Semi-natural	FALSE	FALSE	TRUE	FALSE	TRUE	80	NA	NA	NA	NA	NA	NA	NA	NA	NA	NA	NA	NA	NA	NA	NA	NA	NA	-0.241	-0.132	FALSE	FALSE	TRUE	FALSE
1008527	EU-RS-002	Serbia_grasslands	Europe	Serbia	Temperate midlatitudes	1941-01-01	42.481814	21.900847	10	NA	Not specified	NA	NA	NA	FALSE	Y-Aqu	Natural	FALSE	FALSE	FALSE	TRUE	FALSE	NA	NA	NA	NA	NA	NA	NA	NA	NA	NA	NA	NA	NA	NA	NA	NA	NA	NA	-0.216	-0.236	FALSE	TRUE	FALSE	FALSE
1008544	EU-RS-002	Serbia_grasslands	Europe	Serbia	Temperate midlatitudes	1988-01-01	45.588052	20.147103	10	5	Not specified	NA	NA	NA	FALSE	E63	Semi-natural	FALSE	FALSE	TRUE	TRUE	FALSE	50	NA	NA	NA	NA	NA	NA	NA	NA	NA	NA	NA	NA	NA	NA	NA	NA	NA	-0.168	-0.332	FALSE	FALSE	TRUE	FALSE
1008549	EU-RS-002	Serbia_grasslands	Europe	Serbia	Temperate midlatitudes	1988-01-01	45.591158	20.157336	10	2	Not specified	NA	NA	NA	FALSE	?	NA	NA	NA	NA	NA	NA	30	NA	NA	NA	NA	NA	NA	NA	NA	NA	NA	NA	NA	NA	NA	NA	NA	NA	-0.168	-0.332	TRUE	FALSE	FALSE	TRUE
1008565	EU-RS-002	Serbia_grasslands	Europe	Serbia	Temperate midlatitudes	1941-01-01	42.488577	21.896633	10	NA	Not specified	NA	NA	NA	FALSE	C35c	Natural	FALSE	FALSE	FALSE	TRUE	TRUE	NA	NA	NA	NA	NA	NA	NA	NA	NA	NA	NA	NA	NA	NA	NA	NA	NA	NA	-0.216	-0.236	FALSE	TRUE	FALSE	FALSE
1008722	EU-RS-002	Serbia_grasslands	Europe	Serbia	Temperate midlatitudes	1980-01-01	45.595631	19.364003	10	20	Not specified	NA	NA	NA	FALSE	E62	Semi-natural	FALSE	FALSE	TRUE	FALSE	TRUE	90	NA	NA	NA	NA	NA	NA	NA	NA	NA	NA	NA	NA	NA	NA	NA	NA	NA	-0.184	-0.096	FALSE	FALSE	TRUE	FALSE
1008725	EU-RS-002	Serbia_grasslands	Europe	Serbia	Temperate midlatitudes	1976-04-26	45.376413	20.113583	10	NA	Not specified	NA	NA	NA	FALSE	E62	Semi-natural	FALSE	FALSE	TRUE	FALSE	TRUE	20	NA	NA	NA	NA	NA	NA	NA	NA	NA	NA	NA	NA	NA	NA	NA	NA	NA	-0.217	0.104	TRUE	FALSE	FALSE	TRUE
1008739	EU-RS-002	Serbia_grasslands	Europe	Serbia	Temperate midlatitudes	1976-11-01	45.361439	20.286634	10	NA	Not specified	NA	NA	NA	FALSE	E62	Semi-natural	FALSE	FALSE	TRUE	FALSE	TRUE	15	NA	NA	NA	NA	NA	NA	NA	NA	NA	NA	NA	NA	NA	NA	NA	NA	NA	-0.194	0.153	FALSE	TRUE	FALSE	FALSE
1008765	EU-RS-002	Serbia_grasslands	Europe	Serbia	Temperate midlatitudes	1976-06-30	45.368476	20.107203	10	NA	Not specified	NA	NA	NA	FALSE	E62	Semi-natural	FALSE	FALSE	TRUE	FALSE	TRUE	90	NA	NA	NA	NA	NA	NA	NA	NA	NA	NA	NA	NA	NA	NA	NA	NA	NA	-0.253	0.021	FALSE	FALSE	TRUE	TRUE
1008771	EU-RS-002	Serbia_grasslands	Europe	Serbia	Temperate midlatitudes	1976-10-01	45.368476	20.107203	10	NA	Not specified	NA	NA	NA	FALSE	E62	Semi-natural	FALSE	FALSE	TRUE	FALSE	TRUE	80	NA	NA	NA	NA	NA	NA	NA	NA	NA	NA	NA	NA	NA	NA	NA	NA	NA	-0.253	0.021	FALSE	TRUE	FALSE	FALSE
1008775	EU-RS-002	Serbia_grasslands	Europe	Serbia	Temperate midlatitudes	1980-01-01	46.155691	19.677903	10	NA	Not specified	NA	NA	NA	FALSE	E62	Semi-natural	FALSE	FALSE	TRUE	FALSE	TRUE	70	NA	NA	NA	NA	NA	NA	NA	NA	NA	NA	NA	NA	NA	NA	NA	NA	NA	0.013	-0.993	FALSE	TRUE	FALSE	FALSE
1008777	EU-RS-002	Serbia_grasslands	Europe	Serbia	Temperate midlatitudes	1980-01-01	46.155691	19.677903	10	NA	Not specified	NA	NA	NA	FALSE	E63	Semi-natural	FALSE	FALSE	TRUE	TRUE	FALSE	80	NA	NA	NA	NA	NA	NA	NA	NA	NA	NA	NA	NA	NA	NA	NA	NA	NA	0.013	-0.993	FALSE	TRUE	FALSE	FALSE
1008778	EU-RS-002	Serbia_grasslands	Europe	Serbia	Temperate midlatitudes	1980-01-01	46.155691	19.677903	10	NA	Not specified	NA	NA	NA	FALSE	E63	Semi-natural	FALSE	FALSE	TRUE	TRUE	FALSE	70	NA	NA	NA	NA	NA	NA	NA	NA	NA	NA	NA	NA	NA	NA	NA	NA	NA	0.013	-0.993	FALSE	FALSE	TRUE	FALSE
1008783	EU-RS-002	Serbia_grasslands	Europe	Serbia	Temperate midlatitudes	1980-01-01	45.579223	19.46147	10	NA	Not specified	NA	NA	NA	FALSE	E62	Semi-natural	FALSE	FALSE	TRUE	FALSE	TRUE	90	NA	NA	NA	NA	NA	NA	NA	NA	NA	NA	NA	NA	NA	NA	NA	NA	NA	-0.253	0.006	FALSE	FALSE	TRUE	FALSE
1008799	EU-RS-002	Serbia_grasslands	Europe	Serbia	Temperate midlatitudes	1979-01-01	45.850231	18.945351	10	NA	Not specified	NA	NA	NA	FALSE	Y-Gra	Semi-natural	FALSE	FALSE	TRUE	FALSE	FALSE	100	NA	NA	NA	NA	NA	NA	NA	NA	NA	NA	NA	NA	NA	NA	NA	NA	NA	-0.102	-0.234	TRUE	FALSE	FALSE	TRUE
1008834	EU-RS-002	Serbia_grasslands	Europe	Serbia	Temperate midlatitudes	2000-01-01	45.824485	19.214867	10	NA	Not specified	NA	NA	NA	FALSE	E62	Semi-natural	FALSE	FALSE	TRUE	FALSE	TRUE	80	NA	NA	NA	NA	NA	NA	NA	NA	NA	NA	NA	NA	NA	NA	NA	NA	NA	-0.241	-0.132	TRUE	FALSE	FALSE	TRUE
1008837	EU-RS-002	Serbia_grasslands	Europe	Serbia	Temperate midlatitudes	1980-01-01	45.559952	19.442424	10	25	Not specified	NA	NA	NA	FALSE	Y-Gra	Semi-natural	FALSE	FALSE	TRUE	FALSE	FALSE	90	NA	NA	NA	NA	NA	NA	NA	NA	NA	NA	NA	NA	NA	NA	NA	NA	NA	-0.092	-0.211	FALSE	FALSE	TRUE	FALSE
1008842	EU-RS-002	Serbia_grasslands	Europe	Serbia	Temperate midlatitudes	1980-01-01	45.559952	19.442424	10	25	Not specified	NA	NA	NA	FALSE	E63	Semi-natural	FALSE	FALSE	TRUE	TRUE	FALSE	90	NA	NA	NA	NA	NA	NA	NA	NA	NA	NA	NA	NA	NA	NA	NA	NA	NA	-0.092	-0.211	TRUE	FALSE	FALSE	TRUE
1008889	EU-RS-002	Serbia_grasslands	Europe	Serbia	Temperate midlatitudes	1980-01-01	45.979258	19.461687	10	NA	Not specified	NA	NA	NA	FALSE	E63	Semi-natural	FALSE	FALSE	TRUE	TRUE	FALSE	70	NA	NA	NA	NA	NA	NA	NA	NA	NA	NA	NA	NA	NA	NA	NA	NA	NA	-0.212	-0.401	FALSE	FALSE	TRUE	FALSE
1008891	EU-RS-002	Serbia_grasslands	Europe	Serbia	Temperate midlatitudes	1980-01-01	45.579223	19.46147	10	NA	Not specified	NA	NA	NA	FALSE	E62	Semi-natural	FALSE	FALSE	TRUE	FALSE	TRUE	70	NA	NA	NA	NA	NA	NA	NA	NA	NA	NA	NA	NA	NA	NA	NA	NA	NA	-0.253	0.006	FALSE	TRUE	FALSE	FALSE
1008923	EU-RS-002	Serbia_grasslands	Europe	Serbia	Temperate midlatitudes	1980-01-01	45.559539	19.451554	10	15	Not specified	NA	NA	NA	FALSE	E62	Semi-natural	FALSE	FALSE	TRUE	FALSE	TRUE	60	NA	NA	NA	NA	NA	NA	NA	NA	NA	NA	NA	NA	NA	NA	NA	NA	NA	-0.092	-0.211	FALSE	FALSE	TRUE	FALSE
1008927	EU-RS-002	Serbia_grasslands	Europe	Serbia	Temperate midlatitudes	1980-01-01	45.548214	19.399759	10	10	Not specified	NA	NA	NA	FALSE	E62	Semi-natural	FALSE	FALSE	TRUE	FALSE	TRUE	70	NA	NA	NA	NA	NA	NA	NA	NA	NA	NA	NA	NA	NA	NA	NA	NA	NA	-0.176	-0.007	FALSE	FALSE	TRUE	FALSE
1008991	EU-RS-002	Serbia_grasslands	Europe	Serbia	Temperate midlatitudes	1938-08-05	45.528862	20.298102	10	8	Not specified	NA	NA	NA	FALSE	?	Natural	FALSE	FALSE	TRUE	TRUE	FALSE	25	NA	NA	NA	NA	NA	NA	NA	NA	NA	NA	NA	NA	NA	NA	NA	NA	NA	-0.256	-0.11	TRUE	FALSE	FALSE	TRUE
1009000	EU-RS-002	Serbia_grasslands	Europe	Serbia	Temperate midlatitudes	2002-01-01	45.55243	20.171586	10	NA	Not specified	NA	NA	NA	FALSE	E63	Semi-natural	FALSE	FALSE	TRUE	TRUE	FALSE	NA	NA	NA	NA	NA	NA	NA	NA	NA	NA	NA	NA	NA	NA	NA	NA	NA	NA	-0.246	0.074	FALSE	FALSE	TRUE	FALSE
1009022	EU-RS-002	Serbia_grasslands	Europe	Serbia	Temperate midlatitudes	1986-01-01	45.371598	20.743758	10	25	Not specified	NA	NA	NA	FALSE	E63	Semi-natural	FALSE	FALSE	TRUE	TRUE	FALSE	100	NA	NA	NA	NA	NA	NA	NA	NA	NA	NA	NA	NA	NA	NA	NA	NA	NA	-0.157	0.002	FALSE	TRUE	FALSE	FALSE
1009060	EU-RS-002	Serbia_grasslands	Europe	Serbia	Temperate midlatitudes	2011-07-06	45.380667	20.164806	10	25	Not specified	83	NA	NA	FALSE	E63	Semi-natural	FALSE	FALSE	TRUE	TRUE	FALSE	80	NA	NA	NA	NA	NA	NA	NA	NA	NA	NA	NA	NA	NA	NA	NA	NA	NA	-0.174	0.011	TRUE	FALSE	FALSE	TRUE
1009070	EU-RS-002	Serbia_grasslands	Europe	Serbia	Temperate midlatitudes	2011-07-17	45.868928	19.11229	10	16	Not specified	93	NA	NA	FALSE	E63	Semi-natural	FALSE	FALSE	TRUE	TRUE	FALSE	70	NA	NA	NA	NA	NA	NA	NA	NA	NA	NA	NA	NA	NA	NA	NA	NA	NA	-0.238	-0.106	FALSE	FALSE	TRUE	FALSE
1009093	EU-RS-002	Serbia_grasslands	Europe	Serbia	Temperate midlatitudes	2012-06-12	45.617333	20.219556	10	16	Not specified	NA	NA	NA	FALSE	E63	Semi-natural	FALSE	FALSE	TRUE	TRUE	FALSE	90	NA	NA	NA	NA	NA	NA	NA	NA	NA	NA	NA	NA	NA	NA	NA	NA	NA	-0.233	-0.15	TRUE	FALSE	FALSE	TRUE
1009170	EU-RS-002	Serbia_grasslands	Europe	Serbia	Temperate midlatitudes	2012-06-19	43.232967	21.511608	10	4	Not specified	NA	NA	NA	FALSE	E63	Semi-natural	FALSE	FALSE	TRUE	TRUE	FALSE	NA	NA	NA	NA	NA	NA	NA	NA	NA	NA	NA	NA	NA	NA	NA	NA	NA	NA	-0.182	0.066	FALSE	TRUE	FALSE	FALSE
1009183	EU-RS-002	Serbia_grasslands	Europe	Serbia	Temperate midlatitudes	2013-06-19	43.247292	21.453214	10	25	Not specified	294	NA	NA	FALSE	Y-Gra	Semi-natural	FALSE	FALSE	TRUE	FALSE	FALSE	100	NA	NA	NA	NA	NA	NA	NA	NA	NA	NA	NA	NA	NA	NA	NA	NA	NA	-0.185	-0.07	FALSE	TRUE	FALSE	FALSE
1009205	EU-RS-002	Serbia_grasslands	Europe	Serbia	Temperate midlatitudes	2013-06-20	43.307875	21.677572	10	4	Not specified	291	NA	NA	FALSE	E63	Semi-natural	FALSE	FALSE	TRUE	TRUE	FALSE	80	NA	NA	NA	NA	NA	NA	NA	NA	NA	NA	NA	NA	NA	NA	NA	NA	NA	-0.218	-0.06	FALSE	TRUE	FALSE	FALSE
1009208	EU-RS-002	Serbia_grasslands	Europe	Serbia	Temperate midlatitudes	2013-06-20	43.307875	21.677572	10	1	Not specified	291	NA	NA	FALSE	Y-Gra	Semi-natural	FALSE	FALSE	TRUE	FALSE	FALSE	100	NA	NA	NA	NA	NA	NA	NA	NA	NA	NA	NA	NA	NA	NA	NA	NA	NA	-0.218	-0.06	FALSE	FALSE	TRUE	FALSE
